{
  "resources": [
    {
      "name": "values",
      "description": "initial values for the parameters",
      "data": {
        "pr_I": 24.034837980127392,
        "R0": 2.3213358638744124,
        "beta1": 0.56515359600858883,
        "pr_S": 0.46159880195515157,
        "i": 1.572389541139338E-25,
        "rep_ndss": 0.12042264758727186,
        "disp": 0.70653278177131296,
        "phase": -0.040499372635527497
      }
    },
    {
      "name": "covariance",
      "description": "covariance matrix",
      "data": {
        "pr_I": {
          "pr_I": 0.166531889699399
        },
        "R0": {
          "R0": 0.40387803548946999
        },
        "beta1": {
          "beta1": 0.025875335582532001
        },
        "pr_S": {
          "pr_S": 0.039862127945041799
        },
        "i": {
          "i": 0.97758314595557705
        },
        "phase": {
          "phase": 0.047625637357123198
        },
        "disp": {
          "disp": 0.0414657476823777
        },
        "rep_ndss": {
          "rep_ndss": 0.070556077081710106
        }
      }
    },
    {
      "name": "summary",
      "data": {
        "n_data": 665,
        "log_ltp": -2170.5065277927179,
        "id": 7734,
        "AIC": null,
        "sum_squares": null,
        "DIC": null,
        "n_parameters": 8,
        "AICc": null,
        "log_likelihood": null
      }
    }
  ]
}