{
  "resources": [
    {
      "data": {
        "beta1": 0.60108597875402048,
        "i": 0.00076462128473530895,
        "R0": 2.3344417511562687,
        "rep_ndss": 0.16594764764425796,
        "pr_S": 0.46432377028377586,
        "pr_I": 18.750009946037125,
        "phase": -0.038774186613870769
      },
      "name": "values",
      "description": "initial values for the parameters"
    },
    {
      "data": {
        "pr_I": {
          "pr_I": 0.0070705589328869866,
          "rep_ndss": 0.00017891095340498349,
          "pr_S": 0.00030777671817172907,
          "i": 0.0085285909117242507,
          "R0": -0.00062648453027980559,
          "beta1": -0.0018541821109039158,
          "phase": 0.000034680028795159338
        },
        "rep_ndss": {
          "pr_I": 0.00017891095340498349,
          "rep_ndss": 0.00086171343814480251,
          "pr_S": 0.00021552066984682921,
          "i": 0.0010634967656400129,
          "R0": -0.00014000134980983253,
          "beta1": 0.00039373982655439968,
          "phase": -0.000020892640028998139
        },
        "pr_S": {
          "pr_I": 0.00030777671817172907,
          "rep_ndss": 0.00021552066984682921,
          "pr_S": 0.00021138643889438466,
          "i": 0.0035737177354898675,
          "R0": -0.00012251583456147216,
          "beta1": 0.000065675013053494182,
          "phase": 0.0000048111068816939667
        },
        "i": {
          "pr_I": 0.0085285909117242507,
          "rep_ndss": 0.0010634967656400129,
          "pr_S": 0.0035737177354898675,
          "i": 6.2506795293427722,
          "R0": -0.00088956569306994295,
          "beta1": -0.0045550412028431591,
          "phase": 0.0012120805223100925
        },
        "R0": {
          "pr_I": -0.00062648453027980559,
          "rep_ndss": -0.00014000134980983253,
          "pr_S": -0.00012251583456147216,
          "i": -0.00088956569306994295,
          "R0": 0.00012110394370019409,
          "beta1": 0.000033000633262388629,
          "phase": -0.0000059877345175491035
        },
        "beta1": {
          "pr_I": -0.0018541821109039158,
          "rep_ndss": 0.00039373982655439968,
          "pr_S": 0.000065675013053494182,
          "i": -0.0045550412028431591,
          "R0": 0.000033000633262388629,
          "beta1": 0.0011149971209602082,
          "phase": -0.000046744680566406783
        },
        "phase": {
          "pr_I": 0.000034680028795159338,
          "rep_ndss": -0.000020892640028998139,
          "pr_S": 0.0000048111068816939667,
          "i": 0.0012120805223100925,
          "R0": -0.0000059877345175491035,
          "beta1": -0.000046744680566406783,
          "phase": 0.000074911187837470189
        }
      },
      "name": "covariance",
      "description": "covariance matrix"
    },
    {
      "data": {
        "AIC": 4772.8675003728231,
        "id": 1,
        "AICc": 4773.0403398789958,
        "DIC": 4774.8350110711172,
        "sum_squares": null,
        "log_likelihood": -2379.4337501864115,
        "log_ltp": -2387.4011260639745,
        "n_parameters": 7,
        "n_data": 656
      },
      "name": "summary"
    }
  ]
}