{"resources":[{"name":"values","description":"initial values for the parameters","data":{"R0":12.9410581989214,"beta1":0.771852487232536,"i":8.64220096496865,"rep_ndss":0.744117320049554,"phase":0.133349105482921,"pr_I":67.9074574261904,"pr_S":0.34132513294979}},{"name":"covariance","description":"covariance matrix","data":{"R0":{"R0":1.29410581989214},"beta1":{"beta1":0.0771852487232536},"i":{"i":0.864220096496865},"rep_ndss":{"rep_ndss":0.0744117320049554},"phase":{"phase":0.0133349105482921},"pr_I":{"pr_I":6.79074574261904},"pr_S":{"pr_S":0.034132513294979}}}]}
