{
  "resources": [
    {
      "name": "values",
      "data": {
        "pr_S": 0.46976518784465132,
        "beta1": 0.60219545368158611,
        "pr_I": 19.867546568700643,
        "i": 0.00037784927469293851,
        "rep_ndss": 0.16883109976569313,
        "R0": 2.2962712953596331,
        "phase": -0.040483709682799289
      },
      "description": "initial values for the parameters"
    },
    {
      "name": "covariance",
      "data": {
        "i": {
          "i": 6.2506795293427722,
          "pr_I": 0.0085285909117242507,
          "beta1": -0.0045550412028431591,
          "pr_S": 0.0035737177354898675,
          "rep_ndss": 0.0010634967656400129,
          "R0": -0.00088956569306994295,
          "phase": 0.0012120805223100925
        },
        "pr_I": {
          "i": 0.0085285909117242507,
          "pr_I": 0.0070705589328869866,
          "beta1": -0.0018541821109039158,
          "pr_S": 0.00030777671817172907,
          "rep_ndss": 0.00017891095340498349,
          "R0": -0.00062648453027980559,
          "phase": 0.000034680028795159338
        },
        "beta1": {
          "i": -0.0045550412028431591,
          "pr_I": -0.0018541821109039158,
          "beta1": 0.0011149971209602082,
          "pr_S": 0.000065675013053494182,
          "rep_ndss": 0.00039373982655439968,
          "R0": 0.000033000633262388629,
          "phase": -0.000046744680566406783
        },
        "pr_S": {
          "i": 0.0035737177354898675,
          "pr_I": 0.00030777671817172907,
          "beta1": 0.000065675013053494182,
          "pr_S": 0.00021138643889438466,
          "rep_ndss": 0.00021552066984682921,
          "R0": -0.00012251583456147216,
          "phase": 0.0000048111068816939667
        },
        "rep_ndss": {
          "i": 0.0010634967656400129,
          "pr_I": 0.00017891095340498349,
          "beta1": 0.00039373982655439968,
          "pr_S": 0.00021552066984682921,
          "rep_ndss": 0.00086171343814480251,
          "R0": -0.00014000134980983253,
          "phase": -0.000020892640028998139
        },
        "R0": {
          "i": -0.00088956569306994295,
          "pr_I": -0.00062648453027980559,
          "beta1": 0.000033000633262388629,
          "pr_S": -0.00012251583456147216,
          "rep_ndss": -0.00014000134980983253,
          "R0": 0.00012110394370019409,
          "phase": -0.0000059877345175491035
        },
        "phase": {
          "i": 0.0012120805223100925,
          "pr_I": 0.000034680028795159338,
          "beta1": -0.000046744680566406783,
          "pr_S": 0.0000048111068816939667,
          "rep_ndss": -0.000020892640028998139,
          "R0": -0.0000059877345175491035,
          "phase": 0.000074911187837470189
        }
      },
      "description": "covariance matrix"
    },
    {
      "name": "summary",
      "data": {
        "id": 1,
        "AIC": 4773.2736590869627,
        "sum_squares": null,
        "AICc": 4773.4464985931354,
        "DIC": 4774.4630707738743,
        "log_likelihood": -2379.6368295434813,
        "n_parameters": 7,
        "log_ltp": -2387.6095159539982,
        "n_data": 656
      }
    }
  ]
}