{
  "resources": [
    {
      "data": {
        "rep_ndss": 0.1177005288951371,
        "i": 0.0072170439546787764,
        "pr_S": 0.4710326958464035,
        "pr_I": 23.986265136838792,
        "R0": 2.2780437134780636,
        "beta1": 0.56373361287427226,
        "disp": 0.77763350761580463,
        "phase": -0.039830965462996464
      },
      "name": "values",
      "description": "initial values for the parameters"
    },
    {
      "data": {
        "R0": {
          "R0": 0.00036505962250090113,
          "pr_S": -0.00048633904293686627,
          "pr_I": -0.001445239998835448,
          "beta1": -0.00003591851231455067,
          "rep_ndss": -0.00037730154751892139,
          "i": 0.0052468186155284046,
          "disp": 0.0000076308903896048025,
          "phase": -0.000027439466606646922
        },
        "pr_S": {
          "R0": -0.00048633904293686627,
          "pr_S": 0.00085707813922123138,
          "pr_I": 0.001137031160561361,
          "beta1": 0.00029045660933970486,
          "rep_ndss": 0.00070915391123809227,
          "i": 0.00021027714310355782,
          "disp": -0.0013788790972484046,
          "phase": 0.000050456925766596981
        },
        "pr_I": {
          "R0": -0.001445239998835448,
          "pr_S": 0.001137031160561361,
          "pr_I": 0.014972359526686463,
          "beta1": -0.0033153787451519106,
          "rep_ndss": -0.00034405672579273361,
          "i": -0.045639606688432074,
          "disp": 0.010578297087970468,
          "phase": 0.00002777202644382629
        },
        "beta1": {
          "R0": -0.00003591851231455067,
          "pr_S": 0.00029045660933970486,
          "pr_I": -0.0033153787451519106,
          "beta1": 0.0020773381191582906,
          "rep_ndss": 0.0013044778757939661,
          "i": 0.012822945482368399,
          "disp": -0.0057200108921626799,
          "phase": -0.000078078520246598927
        },
        "rep_ndss": {
          "R0": -0.00037730154751892139,
          "pr_S": 0.00070915391123809227,
          "pr_I": -0.00034405672579273361,
          "beta1": 0.0013044778757939661,
          "rep_ndss": 0.003031685043619445,
          "i": -0.0051306665025683236,
          "disp": -0.020856108532543518,
          "phase": -0.000016536692914711986
        },
        "i": {
          "R0": 0.0052468186155284046,
          "pr_S": 0.00021027714310355782,
          "pr_I": -0.045639606688432074,
          "beta1": 0.012822945482368399,
          "rep_ndss": -0.0051306665025683236,
          "i": 21.627388357629972,
          "disp": 0.20099891315944857,
          "phase": -0.0025738213377020035
        },
        "disp": {
          "R0": 0.0000076308903896048025,
          "pr_S": -0.0013788790972484046,
          "pr_I": 0.010578297087970468,
          "beta1": -0.0057200108921626799,
          "rep_ndss": -0.020856108532543518,
          "i": 0.20099891315944857,
          "disp": 0.37327283631828323,
          "phase": 0.00014686626169864431
        },
        "phase": {
          "R0": -0.000027439466606646922,
          "pr_S": 0.000050456925766596981,
          "pr_I": 0.00002777202644382629,
          "beta1": -0.000078078520246598927,
          "rep_ndss": -0.000016536692914711986,
          "i": -0.0025738213377020035,
          "disp": 0.00014686626169864431,
          "phase": 0.00018738500504710594
        }
      },
      "name": "covariance",
      "description": "covariance matrix"
    },
    {
      "data": {
        "id": 1,
        "sum_squares": null,
        "AIC": 4341.3786620746487,
        "AICc": 4341.5981742697704,
        "DIC": 4343.1991649167885,
        "log_likelihood": -2162.6893310373243,
        "log_ltp": -2170.619019079023,
        "n_parameters": 8,
        "n_data": 665
      },
      "name": "summary"
    }
  ]
}