{"resources":[{"name":"values","description":"initial values for the parameters","data":{"rep_ndss":0.11438789119311636,"pr_I":27.542474086250159,"R0":2.3212085737113659,"i":0.0038382602326765031,"beta1":0.53927924852211617,"pr_S":0.46227677731644928,"disp":0.6826829681229476,"phase":-0.043089893113763565}},{"name":"covariance","description":"covariance matrix","data":{"rep_ndss":{"rep_ndss":0.003031685043619445,"i":-0.0051306665025683236,"R0":-0.00037730154751892139,"pr_I":-0.00034405672579273361,"pr_S":0.00070915391123809227,"beta1":0.0013044778757939661,"phase":-1.6536692914711986e-5,"disp":-0.020856108532543518},"i":{"rep_ndss":-0.0051306665025683236,"i":21.627388357629972,"R0":0.0052468186155284046,"pr_I":-0.045639606688432074,"pr_S":0.00021027714310355782,"beta1":0.012822945482368399,"phase":-0.0025738213377020035,"disp":0.20099891315944857},"R0":{"rep_ndss":-0.00037730154751892139,"i":0.0052468186155284046,"R0":0.00036505962250090113,"pr_I":-0.001445239998835448,"pr_S":-0.00048633904293686627,"beta1":-3.591851231455067e-5,"phase":-2.7439466606646922e-5,"disp":7.6308903896048025e-6},"pr_I":{"rep_ndss":-0.00034405672579273361,"i":-0.045639606688432074,"R0":-0.001445239998835448,"pr_I":0.014972359526686463,"pr_S":0.001137031160561361,"beta1":-0.0033153787451519106,"phase":2.777202644382629e-5,"disp":0.010578297087970468},"pr_S":{"rep_ndss":0.00070915391123809227,"i":0.00021027714310355782,"R0":-0.00048633904293686627,"pr_I":0.001137031160561361,"pr_S":0.00085707813922123138,"beta1":0.00029045660933970486,"phase":5.0456925766596981e-5,"disp":-0.0013788790972484046},"beta1":{"rep_ndss":0.0013044778757939661,"i":0.012822945482368399,"R0":-3.591851231455067e-5,"pr_I":-0.0033153787451519106,"pr_S":0.00029045660933970486,"beta1":0.0020773381191582906,"phase":-7.8078520246598927e-5,"disp":-0.0057200108921626799},"phase":{"rep_ndss":-1.6536692914711986e-5,"i":-0.0025738213377020035,"R0":-2.7439466606646922e-5,"pr_I":2.777202644382629e-5,"pr_S":5.0456925766596981e-5,"beta1":-7.8078520246598927e-5,"phase":0.00018738500504710594,"disp":0.00014686626169864431},"disp":{"rep_ndss":-0.020856108532543518,"i":0.20099891315944857,"R0":7.6308903896048025e-6,"pr_I":0.010578297087970468,"pr_S":-0.0013788790972484046,"beta1":-0.0057200108921626799,"phase":0.00014686626169864431,"disp":0.37327283631828323}}},{"name":"summary","data":{"id":1,"AIC":4341.1730646627111,"DIC":4343.6020524746455,"n_data":665,"log_likelihood":-2162.5865323313556,"AICc":4341.3925768578329,"log_ltp":-2170.506527792722,"sum_squares":null,"n_parameters":8}}]}
