{"resources":[{"name":"values","description":"initial values for the parameters","data":{"i":4.79486789088696,"pr_Hi":17.4762836890295,"pr_Hs":0.433100160375686,"pr_Vi":0.000777452498681611,"R0":17.3133129626513,"beta1":0.375830726418644,"rep_ndss":0.211896631866693,"phase":0.176743548829108,"baV":0.29044493092224}},{"name":"covariance","description":"covariance matrix","data":{"i":{"i":0.479486789088696},"pr_Hi":{"pr_Hi":1.74762836890295},"pr_Hs":{"pr_Hs":0.0433100160375686},"pr_Vi":{"pr_Vi":7.77452498681611e-05},"R0":{"R0":1.73133129626513},"beta1":{"beta1":0.0375830726418644},"rep_ndss":{"rep_ndss":0.0211896631866694},"phase":{"phase":0.0176743548829108},"baV":{"baV":0.029044493092224}}}]}
