{
  "resources": [
    {
      "description": "initial values for the parameters",
      "data": {
        "pr_Vi": 0.0000079316929381469469,
        "pr_Hi": 32.913032347754651,
        "R0": 3.3514624356511327,
        "phase": -0.011363819677746325,
        "i": 0.0074440989891722585,
        "baV": 0.16855826158379089,
        "beta1": 0.80170873699486789,
        "rep_ndss": 0.14236679602140209,
        "pr_Hs": 0.36930007300794376
      },
      "name": "values"
    },
    {
      "description": "covariance matrix",
      "data": {
        "pr_Hi": {
          "pr_Hi": 1.0760908604104547,
          "pr_Hs": 0.0012604969963452351,
          "pr_Vi": -0.62618122131467158,
          "R0": -0.0019739665290475984,
          "phase": 0.00020151307959839299,
          "baV": 0.022596830173950845,
          "beta1": -0.0010255991601614909,
          "i": 0.0049684804334791874,
          "rep_ndss": 0.0010154246480198208
        },
        "pr_Hs": {
          "pr_Hi": 0.0012604969963452351,
          "pr_Hs": 0.00038482304820067605,
          "pr_Vi": 0.00034431787934873946,
          "R0": -0.00014160956639529474,
          "phase": -0.0000032730200833401815,
          "baV": 0.0030258342159979489,
          "beta1": 0.000048166800165458597,
          "i": 0.0010167447508103479,
          "rep_ndss": 0.00021167945024896684
        },
        "pr_Vi": {
          "pr_Hi": -0.62618122131467158,
          "pr_Hs": 0.00034431787934873946,
          "pr_Vi": 0.80997851206459592,
          "R0": 0.00032201339333509779,
          "phase": -0.000087431075469832827,
          "baV": 0.38870739914485425,
          "beta1": -0.0013276514295663155,
          "i": -0.042047207658721511,
          "rep_ndss": -0.0023045577783025245
        },
        "R0": {
          "pr_Hi": -0.0019739665290475984,
          "pr_Hs": -0.00014160956639529474,
          "pr_Vi": 0.00032201339333509779,
          "R0": 0.00025983922784813038,
          "phase": -0.000015285538102281294,
          "baV": 0.0023808123458351304,
          "beta1": 0.000094799845358505119,
          "i": 0.00027239353176421616,
          "rep_ndss": -0.00011397102419403727
        },
        "phase": {
          "pr_Hi": 0.00020151307959839299,
          "pr_Hs": -0.0000032730200833401815,
          "pr_Vi": -0.000087431075469832827,
          "R0": -0.000015285538102281294,
          "phase": 0.000079750423844474018,
          "baV": -0.00049315446295467914,
          "beta1": -0.000033056914326605886,
          "i": -0.00027858944282891182,
          "rep_ndss": -0.000024594343562528679
        },
        "baV": {
          "pr_Hi": 0.022596830173950845,
          "pr_Hs": 0.0030258342159979489,
          "pr_Vi": 0.38870739914485425,
          "R0": 0.0023808123458351304,
          "phase": -0.00049315446295467914,
          "baV": 1.3313283777174305,
          "beta1": 0.001107122678711128,
          "i": -0.045683713947711514,
          "rep_ndss": 0.00011131327271034507
        },
        "beta1": {
          "pr_Hi": -0.0010255991601614909,
          "pr_Hs": 0.000048166800165458597,
          "pr_Vi": -0.0013276514295663155,
          "R0": 0.000094799845358505119,
          "phase": -0.000033056914326605886,
          "baV": 0.001107122678711128,
          "beta1": 0.00033885631171399002,
          "i": -0.00058534474063027815,
          "rep_ndss": 0.00019906376150053353
        },
        "i": {
          "pr_Hi": 0.0049684804334791874,
          "pr_Hs": 0.0010167447508103479,
          "pr_Vi": -0.042047207658721511,
          "R0": 0.00027239353176421616,
          "phase": -0.00027858944282891182,
          "baV": -0.045683713947711514,
          "beta1": -0.00058534474063027815,
          "i": 1.268007785848271,
          "rep_ndss": 0.00001714692956636676
        },
        "rep_ndss": {
          "pr_Hi": 0.0010154246480198208,
          "pr_Hs": 0.00021167945024896684,
          "pr_Vi": -0.0023045577783025245,
          "R0": -0.00011397102419403727,
          "phase": -0.000024594343562528679,
          "baV": 0.00011131327271034507,
          "beta1": 0.00019906376150053353,
          "i": 0.00001714692956636676,
          "rep_ndss": 0.00072569071395907868
        }
      },
      "name": "covariance"
    },
    {
      "data": {
        "n_data": 656,
        "id": 1,
        "AIC": 4777.0120063596169,
        "AICc": 4777.2906441305149,
        "DIC": 4777.9038726418894,
        "log_ltp": -2382.724880047343,
        "log_likelihood": -2379.5060031798084,
        "n_parameters": 9,
        "sum_squares": null
      },
      "name": "summary"
    }
  ]
}