{"resources":[{"name":"values","data":{"R0":3.3179779311784556,"i":0.0064977680057881921,"rep_ndss":0.14479365550611556,"phase":-0.011661775996120347,"pr_Hi":18.618444649719869,"beta1":0.8027603480010147,"pr_Hs":0.36971580280133093,"pr_Vi":4.2094199811462407e-5,"baV":0.11769108941839636},"description":"initial values for the parameters"},{"name":"covariance","data":{"pr_Hi":{"pr_Hi":1.1953764512971743,"pr_Hs":0.00036200522908247254,"pr_Vi":-0.60441917932297895,"i":0.097551043820985547,"R0":-0.0016947518015481779,"baV":-0.072227996052247237,"beta1":-0.00072778753788693934,"rep_ndss":-3.6819492350639263e-5,"phase":0.0003838493481237384},"pr_Hs":{"pr_Hi":0.00036200522908247254,"pr_Hs":0.00038833571662212857,"pr_Vi":0.00094347287722293318,"i":0.0034508892729855768,"R0":-0.00014506398451960564,"baV":0.0040377089963936257,"beta1":5.8910905912967522e-5,"rep_ndss":0.00022382787920836023,"phase":6.4990788788431772e-6},"pr_Vi":{"pr_Hi":-0.60441917932297895,"pr_Hs":0.00094347287722293318,"pr_Vi":0.66003384005225341,"i":-0.024081800792435021,"R0":0.00025268607161528452,"baV":0.45147822708410035,"beta1":-0.00090621273108487926,"rep_ndss":-9.8636260695448731e-5,"phase":6.1133490121652467e-6},"i":{"pr_Hi":0.097551043820985547,"pr_Hs":0.0034508892729855768,"pr_Vi":-0.024081800792435021,"i":1.5066243932063603,"R0":0.0010545901386677552,"baV":-0.035233717832526573,"beta1":0.0013234904552498733,"rep_ndss":-0.001134101726391795,"phase":-0.0010067896796379515},"R0":{"pr_Hi":-0.0016947518015481779,"pr_Hs":-0.00014506398451960564,"pr_Vi":0.00025268607161528452,"i":0.0010545901386677552,"R0":0.00026356291475808857,"baV":0.0014976611911975905,"beta1":9.1241733967272406e-5,"rep_ndss":-0.00014727564861079031,"phase":-1.916223179308801e-5},"baV":{"pr_Hi":-0.072227996052247237,"pr_Hs":0.0040377089963936257,"pr_Vi":0.45147822708410035,"i":-0.035233717832526573,"R0":0.0014976611911975905,"baV":1.6486157394204788,"beta1":0.00027350556919049005,"rep_ndss":-6.3790340996923472e-5,"phase":0.00035249587315880739},"beta1":{"pr_Hi":-0.00072778753788693934,"pr_Hs":5.8910905912967522e-5,"pr_Vi":-0.00090621273108487926,"i":0.0013234904552498733,"R0":9.1241733967272406e-5,"baV":0.00027350556919049005,"beta1":0.00034157090018006051,"rep_ndss":0.00020017866056490396,"phase":-4.3093305369114641e-5},"rep_ndss":{"pr_Hi":-3.6819492350639263e-5,"pr_Hs":0.00022382787920836023,"pr_Vi":-9.8636260695448731e-5,"i":-0.001134101726391795,"R0":-0.00014727564861079031,"baV":-6.3790340996923472e-5,"beta1":0.00020017866056490396,"rep_ndss":0.00073640139251228529,"phase":-1.408775082913203e-5},"phase":{"pr_Hi":0.0003838493481237384,"pr_Hs":6.4990788788431772e-6,"pr_Vi":6.1133490121652467e-6,"i":-0.0010067896796379515,"R0":-1.916223179308801e-5,"baV":0.00035249587315880739,"beta1":-4.3093305369114641e-5,"rep_ndss":-1.408775082913203e-5,"phase":8.5794735284373819e-5}},"description":"covariance matrix"},{"name":"summary","data":{"id":1,"AIC":4778.0592480472633,"AICc":4778.3378858181613,"log_ltp":-2383.2653136508338,"n_parameters":9,"DIC":4778.1650616570068,"sum_squares":null,"log_likelihood":-2380.0296240236316,"n_data":656}}]}
