{"resources":[{"name":"values","description":"initial values for the parameters","data":{"i":0.0020481645992595147,"phase":-0.015517920909317388,"pr_Hi":46.058859249459466,"baV":0.60466384303923093,"disp":0.86060466327139751,"rep_ndss":0.095983374628738072,"beta1":0.76193249904172144,"R0":3.2695074644097217,"pr_Hs":0.3715224095005632}},{"name":"covariance","description":"covariance matrix","data":{"phase":{"phase":0.00020651014109177208,"pr_Hi":0.00048062534856667237,"baV":-0.0020883915105309805,"pr_Hs":4.6723916364467292e-5,"R0":-8.5838363073025258e-5,"rep_ndss":-8.7637680752766937e-6,"beta1":-0.00019675398735789624,"i":-0.00093525730404734795,"disp":-9.6441122026216355e-5},"pr_Hi":{"phase":0.00048062534856667237,"pr_Hi":0.032151452766826981,"baV":-0.005867312347180023,"pr_Hs":0.0015911406034102011,"R0":-0.0038584630135087704,"rep_ndss":0.00015545602031795608,"beta1":-0.0074799814721441399,"i":-0.0010018192347297178,"disp":0.004773833271722522},"baV":{"phase":-0.0020883915105309805,"pr_Hi":-0.005867312347180023,"baV":1.8324846527491263,"pr_Hs":0.010569318646108944,"R0":0.004939314081128441,"rep_ndss":-0.0027135091210215984,"beta1":0.0034947107624146842,"i":-0.12433784775733096,"disp":0.03316205440676543},"pr_Hs":{"phase":4.6723916364467292e-5,"pr_Hi":0.0015911406034102011,"baV":0.010569318646108944,"pr_Hs":0.0016688473775599828,"R0":-0.00075216161683526515,"rep_ndss":0.00085091857592375583,"beta1":0.00060856659288453438,"i":0.0056954010087943152,"disp":-0.0007840742425146717},"R0":{"phase":-8.5838363073025258e-5,"pr_Hi":-0.0038584630135087704,"baV":0.004939314081128441,"pr_Hs":-0.00075216161683526515,"R0":0.00085244595638108052,"rep_ndss":-0.00049015653740083201,"beta1":0.00030417490030652523,"i":0.00047951705673168488,"disp":0.000229546550187242},"rep_ndss":{"phase":-8.7637680752766937e-6,"pr_Hi":0.00015545602031795608,"baV":-0.0027135091210215984,"pr_Hs":0.00085091857592375583,"R0":-0.00049015653740083201,"rep_ndss":0.0027397488365042532,"beta1":0.0017251336517028915,"i":-0.0040331488556888352,"disp":-0.013456319600858708},"beta1":{"phase":-0.00019675398735789624,"pr_Hi":-0.0074799814721441399,"baV":0.0034947107624146842,"pr_Hs":0.00060856659288453438,"R0":0.00030417490030652523,"rep_ndss":0.0017251336517028915,"beta1":0.0046483790882982873,"i":-0.0036231562391784477,"disp":-0.0049864532043695543},"i":{"phase":-0.00093525730404734795,"pr_Hi":-0.0010018192347297178,"baV":-0.12433784775733096,"pr_Hs":0.0056954010087943152,"R0":0.00047951705673168488,"rep_ndss":-0.0040331488556888352,"beta1":-0.0036231562391784477,"i":1.6055909634336787,"disp":0.033191861238098634},"disp":{"phase":-9.6441122026216355e-5,"pr_Hi":0.004773833271722522,"baV":0.03316205440676543,"pr_Hs":-0.0007840742425146717,"R0":0.000229546550187242,"rep_ndss":-0.013456319600858708,"beta1":-0.0049864532043695543,"i":0.033191861238098634,"disp":0.15892043379049237}}},{"name":"summary","data":{"id":1,"AIC":4361.3838323032942,"AICc":4361.6586414635995,"DIC":4363.5728728337672,"log_likelihood":-2171.6919161516471,"log_ltp":-2181.3223619298869,"sum_squares":null,"n_parameters":9,"n_data":665}}]}
