{
  "resources": [
    {
      "data": {
        "baV": 0.16265859230916471,
        "beta1": 0.77120972905239571,
        "i": 0.012567921322997935,
        "pr_Hi": 44.301018842488425,
        "phase": -0.012774243164946124,
        "disp": 0.5909945888256477,
        "rep_ndss": 0.10401675706835604,
        "R0": 3.2627307349161647,
        "pr_Hs": 0.36775415103231163
      },
      "name": "values",
      "description": "initial values for the parameters"
    },
    {
      "data": {
        "pr_Hi": {
          "pr_Hi": 0.032151452766826981,
          "i": -0.0010018192347297178,
          "baV": -0.005867312347180023,
          "beta1": -0.0074799814721441399,
          "pr_Hs": 0.0015911406034102011,
          "R0": -0.0038584630135087704,
          "phase": 0.00048062534856667237,
          "disp": 0.004773833271722522,
          "rep_ndss": 0.00015545602031795608
        },
        "i": {
          "pr_Hi": -0.0010018192347297178,
          "i": 1.6055909634336787,
          "baV": -0.12433784775733096,
          "beta1": -0.0036231562391784477,
          "pr_Hs": 0.0056954010087943152,
          "R0": 0.00047951705673168488,
          "phase": -0.00093525730404734795,
          "disp": 0.033191861238098634,
          "rep_ndss": -0.0040331488556888352
        },
        "baV": {
          "pr_Hi": -0.005867312347180023,
          "i": -0.12433784775733096,
          "baV": 1.8324846527491263,
          "beta1": 0.0034947107624146842,
          "pr_Hs": 0.010569318646108944,
          "R0": 0.004939314081128441,
          "phase": -0.0020883915105309805,
          "disp": 0.03316205440676543,
          "rep_ndss": -0.0027135091210215984
        },
        "beta1": {
          "pr_Hi": -0.0074799814721441399,
          "i": -0.0036231562391784477,
          "baV": 0.0034947107624146842,
          "beta1": 0.0046483790882982873,
          "pr_Hs": 0.00060856659288453438,
          "R0": 0.00030417490030652523,
          "phase": -0.00019675398735789624,
          "disp": -0.0049864532043695543,
          "rep_ndss": 0.0017251336517028915
        },
        "pr_Hs": {
          "pr_Hi": 0.0015911406034102011,
          "i": 0.0056954010087943152,
          "baV": 0.010569318646108944,
          "beta1": 0.00060856659288453438,
          "pr_Hs": 0.0016688473775599828,
          "R0": -0.00075216161683526515,
          "phase": 0.000046723916364467292,
          "disp": -0.0007840742425146717,
          "rep_ndss": 0.00085091857592375583
        },
        "R0": {
          "pr_Hi": -0.0038584630135087704,
          "i": 0.00047951705673168488,
          "baV": 0.004939314081128441,
          "beta1": 0.00030417490030652523,
          "pr_Hs": -0.00075216161683526515,
          "R0": 0.00085244595638108052,
          "phase": -0.000085838363073025258,
          "disp": 0.000229546550187242,
          "rep_ndss": -0.00049015653740083201
        },
        "phase": {
          "pr_Hi": 0.00048062534856667237,
          "i": -0.00093525730404734795,
          "baV": -0.0020883915105309805,
          "beta1": -0.00019675398735789624,
          "pr_Hs": 0.000046723916364467292,
          "R0": -0.000085838363073025258,
          "phase": 0.00020651014109177208,
          "disp": -0.000096441122026216355,
          "rep_ndss": -0.0000087637680752766937
        },
        "disp": {
          "pr_Hi": 0.004773833271722522,
          "i": 0.033191861238098634,
          "baV": 0.03316205440676543,
          "beta1": -0.0049864532043695543,
          "pr_Hs": -0.0007840742425146717,
          "R0": 0.000229546550187242,
          "phase": -0.000096441122026216355,
          "disp": 0.15892043379049237,
          "rep_ndss": -0.013456319600858708
        },
        "rep_ndss": {
          "pr_Hi": 0.00015545602031795608,
          "i": -0.0040331488556888352,
          "baV": -0.0027135091210215984,
          "beta1": 0.0017251336517028915,
          "pr_Hs": 0.00085091857592375583,
          "R0": -0.00049015653740083201,
          "phase": -0.0000087637680752766937,
          "disp": -0.013456319600858708,
          "rep_ndss": 0.0027397488365042532
        }
      },
      "name": "covariance",
      "description": "covariance matrix"
    },
    {
      "data": {
        "AIC": 4361.5605666013489,
        "log_likelihood": -2171.7802833006745,
        "id": 1,
        "AICc": 4361.8353757616542,
        "DIC": 4363.5785083991541,
        "n_parameters": 9,
        "log_ltp": -2181.3692868346175,
        "sum_squares": null,
        "n_data": 665
      },
      "name": "summary"
    }
  ]
}