{
  "resources": [
    {
      "data": {
        "i": 0.0010929847041597457,
        "rep_ndss": 0.15266843249335543,
        "R0": 3.2474497253841119,
        "pr_Hi": 29.885361954592632,
        "beta1": 0.81643337224490053,
        "pr_Hs": 0.37147644082122011,
        "pr_Vi": 0.000023526243573478927,
        "phase": -0.014705749021694572,
        "baV": 0.15692796155784772
      },
      "name": "values",
      "description": "initial values for the parameters"
    },
    {
      "data": {
        "R0": {
          "R0": 0.00026245875586284077,
          "pr_Hi": -0.0015732374774214035,
          "beta1": 0.000095509077092636077,
          "pr_Hs": -0.00012611072541289211,
          "pr_Vi": 0.00039106786690487735,
          "baV": 0.0020478388805204254,
          "rep_ndss": -0.00012931901838278013,
          "i": 0.00046297683916092069,
          "phase": -0.0000070419278696211272
        },
        "pr_Hi": {
          "R0": -0.0015732374774214035,
          "pr_Hi": 0.96506146109268909,
          "beta1": -0.00073239376027863401,
          "pr_Hs": 0.0010118555996899484,
          "pr_Vi": -0.65800142865061806,
          "baV": -0.017425572970524626,
          "rep_ndss": 0.0017267269603129197,
          "i": 0.015596743175428049,
          "phase": 0.00036136301814403192
        },
        "beta1": {
          "R0": 0.000095509077092636077,
          "pr_Hi": -0.00073239376027863401,
          "beta1": 0.00033315678557746124,
          "pr_Hs": 0.00006602346805510272,
          "pr_Vi": -0.0012370602206731504,
          "baV": 0.00022015256780229624,
          "rep_ndss": 0.00019619006034007582,
          "i": 0.0009088952800944401,
          "phase": -0.000035565621913447379
        },
        "pr_Hs": {
          "R0": -0.00012611072541289211,
          "pr_Hi": 0.0010118555996899484,
          "beta1": 0.00006602346805510272,
          "pr_Hs": 0.0003913394543728817,
          "pr_Vi": 0.00080441968717084194,
          "baV": 0.0044178312945048559,
          "rep_ndss": 0.00019419625876957992,
          "i": 0.0031384532277621692,
          "phase": -8.8769846187693302E-7
        },
        "pr_Vi": {
          "R0": 0.00039106786690487735,
          "pr_Hi": -0.65800142865061806,
          "beta1": -0.0012370602206731504,
          "pr_Hs": 0.00080441968717084194,
          "pr_Vi": 0.88759346926575922,
          "baV": 0.37257126225502818,
          "rep_ndss": -0.0021511285715905314,
          "i": -0.0089874958468122487,
          "phase": 0.00024182966202221005
        },
        "baV": {
          "R0": 0.0020478388805204254,
          "pr_Hi": -0.017425572970524626,
          "beta1": 0.00022015256780229624,
          "pr_Hs": 0.0044178312945048559,
          "pr_Vi": 0.37257126225502818,
          "baV": 1.3471702487227619,
          "rep_ndss": -0.0010280479949498704,
          "i": 0.055365302246146483,
          "phase": -0.00062090133231928438
        },
        "rep_ndss": {
          "R0": -0.00012931901838278013,
          "pr_Hi": 0.0017267269603129197,
          "beta1": 0.00019619006034007582,
          "pr_Hs": 0.00019419625876957992,
          "pr_Vi": -0.0021511285715905314,
          "baV": -0.0010280479949498704,
          "rep_ndss": 0.00071912533242818647,
          "i": -0.0015883520786244601,
          "phase": -0.000031325549554295729
        },
        "i": {
          "R0": 0.00046297683916092069,
          "pr_Hi": 0.015596743175428049,
          "beta1": 0.0009088952800944401,
          "pr_Hs": 0.0031384532277621692,
          "pr_Vi": -0.0089874958468122487,
          "baV": 0.055365302246146483,
          "rep_ndss": -0.0015883520786244601,
          "i": 1.5332450233883457,
          "phase": -0.00044871508472340595
        },
        "phase": {
          "R0": -0.0000070419278696211272,
          "pr_Hi": 0.00036136301814403192,
          "beta1": -0.000035565621913447379,
          "pr_Hs": -8.8769846187693302E-7,
          "pr_Vi": 0.00024182966202221005,
          "baV": -0.00062090133231928438,
          "rep_ndss": -0.000031325549554295729,
          "i": -0.00044871508472340595,
          "phase": 0.000083735224253553346
        }
      },
      "name": "covariance",
      "description": "covariance matrix"
    },
    {
      "data": {
        "n_data": 656,
        "AIC": 4777.2632516569101,
        "n_parameters": 9,
        "id": 1,
        "sum_squares": null,
        "AICc": 4777.5418894278082,
        "DIC": 4779.2516277668456,
        "log_ltp": -2382.8574488021809,
        "log_likelihood": -2379.6316258284551
      },
      "name": "summary"
    }
  ]
}