{"resources":[{"name":"values","description":"initial values for the parameters","data":{"i":4.2320776317600662e-21,"baV":0.10000000000003241,"disp":0.66863105225630204,"pr_Hi":43.452480144100178,"beta1":0.77055376507371554,"pr_Hs":0.36519429020939254,"phase":-0.016443230039389981,"R0":3.3034235672232626,"rep_ndss":0.10382158172507731}},{"name":"covariance","description":"covariance matrix","data":{"i":{"i":0.555094144772738},"baV":{"baV":0.0163258640631102},"disp":{"disp":0.010007597878575299},"pr_Hi":{"pr_Hi":8.0165510228834993},"beta1":{"beta1":0.020564605738036298},"pr_Hs":{"pr_Hs":0.040564579143212098},"phase":{"phase":0.0435986720025539},"R0":{"R0":0.63303816784173295},"rep_ndss":{"rep_ndss":0.079155185283161705}}},{"name":"summary","data":{"DIC":null,"log_likelihood":null,"id":1537,"AIC":null,"AICc":null,"log_ltp":-2180.8809494966927,"sum_squares":null,"n_parameters":9,"n_data":665}}]}
