{"resources":[{"name":"values","description":"initial values for the parameters","data":{"i":0.024276001165563346,"pr_Hi":46.364690776885759,"baV":0.2723362087282708,"disp":0.727901233047058,"beta1":0.77473750716787126,"R0":3.2866412482375793,"pr_Hs":0.36470376385045178,"phase":-0.018143028261896104,"rep_ndss":0.1049492901371879}},{"name":"covariance","description":"covariance matrix","data":{"pr_Hi":{"pr_Hi":0.029484761064660459,"i":-0.0067223578756637264,"pr_Hs":0.0019700188969115221,"R0":-0.0035751315012704011,"beta1":-0.0066528821381576881,"baV":-0.00034057223600031557,"disp":0.01188252792796447,"phase":0.00043144533555919602,"rep_ndss":-0.00017230392221397823},"i":{"pr_Hi":-0.0067223578756637264,"i":20.358183604815991,"pr_Hs":0.026502371046978068,"R0":-0.0008528214738514272,"beta1":0.012607526584707677,"baV":16.012939163019009,"disp":0.22334216016471592,"phase":-0.0024421072646465349,"rep_ndss":-0.011332802631205355},"pr_Hs":{"pr_Hi":0.0019700188969115221,"i":0.026502371046978068,"pr_Hs":0.0016343926747424892,"R0":-0.00076852262275448383,"beta1":0.00054348341149932852,"baV":0.055889867280674688,"disp":0.00020832132707991654,"phase":4.9045417404141181e-5,"rep_ndss":0.00071055141077269821},"R0":{"pr_Hi":-0.0035751315012704011,"i":-0.0008528214738514272,"pr_Hs":-0.00076852262275448383,"R0":0.00079087703879498323,"beta1":0.00028083599879350879,"baV":0.0067276211827352259,"disp":-0.00071381928850157417,"phase":-8.7573811600501292e-5,"rep_ndss":-0.0003786383553478824},"beta1":{"pr_Hi":-0.0066528821381576881,"i":0.012607526584707677,"pr_Hs":0.00054348341149932852,"R0":0.00028083599879350879,"beta1":0.0043526887794190523,"baV":0.04237757759636844,"disp":-0.0067821731537056626,"phase":-0.00022362873943584133,"rep_ndss":0.001750259756089792},"baV":{"pr_Hi":-0.00034057223600031557,"i":16.012939163019009,"pr_Hs":0.055889867280674688,"R0":0.0067276211827352259,"beta1":0.04237757759636844,"baV":64.527803704394984,"disp":0.64662805965746362,"phase":-0.0045535902229265754,"rep_ndss":-0.032294012843618339},"disp":{"pr_Hi":0.01188252792796447,"i":0.22334216016471592,"pr_Hs":0.00020832132707991654,"R0":-0.00071381928850157417,"beta1":-0.0067821731537056626,"baV":0.64662805965746362,"disp":0.1967917094050301,"phase":3.9805594905663037e-5,"rep_ndss":-0.015724858441160509},"phase":{"pr_Hi":0.00043144533555919602,"i":-0.0024421072646465349,"pr_Hs":4.9045417404141181e-5,"R0":-8.7573811600501292e-5,"beta1":-0.00022362873943584133,"baV":-0.0045535902229265754,"disp":3.9805594905663037e-5,"phase":0.00020059542864654545,"rep_ndss":-3.4153153361949831e-5},"rep_ndss":{"pr_Hi":-0.00017230392221397823,"i":-0.011332802631205355,"pr_Hs":0.00071055141077269821,"R0":-0.0003786383553478824,"beta1":0.001750259756089792,"baV":-0.032294012843618339,"disp":-0.015724858441160509,"phase":-3.4153153361949831e-5,"rep_ndss":0.0028448451898832536}}},{"name":"summary","data":{"AIC":4360.5864459097538,"id":1,"AICc":4360.8612550700591,"n_parameters":9,"DIC":4364.3709869983832,"log_likelihood":-2171.2932229548769,"log_ltp":-2180.8809494966913,"sum_squares":null,"n_data":665}}]}
