{"resources":[{"data":{"pr_Vi":7.664481209966698e-5,"pr_Hi":1.574951444005902,"R0":3.3018809890539229,"phase":-0.013589454680205712,"i":0.027165459132589661,"baV":0.11256781837439971,"beta1":0.80821657228815313,"rep_ndss":0.14427156973232844,"pr_Hs":0.37243031541869454},"name":"values","description":"initial values for the parameters"},{"data":{"R0":{"R0":0.00025983922784813038,"phase":-1.5285538102281294e-5,"pr_Hi":-0.0019739665290475984,"pr_Vi":0.00032201339333509779,"pr_Hs":-0.00014160956639529474,"beta1":9.4799845358505119e-5,"baV":0.0023808123458351304,"i":0.00027239353176421616,"rep_ndss":-0.00011397102419403727},"phase":{"R0":-1.5285538102281294e-5,"phase":7.9750423844474018e-5,"pr_Hi":0.00020151307959839299,"pr_Vi":-8.7431075469832827e-5,"pr_Hs":-3.2730200833401815e-6,"beta1":-3.3056914326605886e-5,"baV":-0.00049315446295467914,"i":-0.00027858944282891182,"rep_ndss":-2.4594343562528679e-5},"pr_Hi":{"R0":-0.0019739665290475984,"phase":0.00020151307959839299,"pr_Hi":1.0760908604104547,"pr_Vi":-0.62618122131467158,"pr_Hs":0.0012604969963452351,"beta1":-0.0010255991601614909,"baV":0.022596830173950845,"i":0.0049684804334791874,"rep_ndss":0.0010154246480198208},"pr_Vi":{"R0":0.00032201339333509779,"phase":-8.7431075469832827e-5,"pr_Hi":-0.62618122131467158,"pr_Vi":0.80997851206459592,"pr_Hs":0.00034431787934873946,"beta1":-0.0013276514295663155,"baV":0.38870739914485425,"i":-0.042047207658721511,"rep_ndss":-0.0023045577783025245},"pr_Hs":{"R0":-0.00014160956639529474,"phase":-3.2730200833401815e-6,"pr_Hi":0.0012604969963452351,"pr_Vi":0.00034431787934873946,"pr_Hs":0.00038482304820067605,"beta1":4.8166800165458597e-5,"baV":0.0030258342159979489,"i":0.0010167447508103479,"rep_ndss":0.00021167945024896684},"beta1":{"R0":9.4799845358505119e-5,"phase":-3.3056914326605886e-5,"pr_Hi":-0.0010255991601614909,"pr_Vi":-0.0013276514295663155,"pr_Hs":4.8166800165458597e-5,"beta1":0.00033885631171399002,"baV":0.001107122678711128,"i":-0.00058534474063027815,"rep_ndss":0.00019906376150053353},"baV":{"R0":0.0023808123458351304,"phase":-0.00049315446295467914,"pr_Hi":0.022596830173950845,"pr_Vi":0.38870739914485425,"pr_Hs":0.0030258342159979489,"beta1":0.001107122678711128,"baV":1.3313283777174305,"i":-0.045683713947711514,"rep_ndss":0.00011131327271034507},"i":{"R0":0.00027239353176421616,"phase":-0.00027858944282891182,"pr_Hi":0.0049684804334791874,"pr_Vi":-0.042047207658721511,"pr_Hs":0.0010167447508103479,"beta1":-0.00058534474063027815,"baV":-0.045683713947711514,"i":1.268007785848271,"rep_ndss":1.714692956636676e-5},"rep_ndss":{"R0":-0.00011397102419403727,"phase":-2.4594343562528679e-5,"pr_Hi":0.0010154246480198208,"pr_Vi":-0.0023045577783025245,"pr_Hs":0.00021167945024896684,"beta1":0.00019906376150053353,"baV":0.00011131327271034507,"i":1.714692956636676e-5,"rep_ndss":0.00072569071395907868}},"name":"covariance","description":"covariance matrix"},{"data":{"id":1,"AIC":4776.9244024843692,"AICc":4777.2030402552673,"DIC":4779.3834951106282,"log_likelihood":-2379.4622012421846,"log_ltp":-2382.659497700653,"sum_squares":null,"n_parameters":9,"n_data":656},"name":"summary"}]}
