{"resources":[{"data":{"R0":3.4107122868393072,"i":0.0082236626558564313,"beta1":0.81159296734976016,"rep_ndss":0.14269185593840336,"phase":-0.017355335218060458,"pr_Hs":0.36610988917346576,"baV":0.11321275395643297,"pr_Hi":1.9578592649556741,"pr_Vi":6.9867389032696588e-5},"name":"values","description":"initial values for the parameters"},{"data":{"pr_Hi":{"pr_Hi":1.0760908604104547,"baV":0.022596830173950845,"rep_ndss":0.0010154246480198208,"pr_Hs":0.0012604969963452351,"phase":0.00020151307959839299,"pr_Vi":-0.62618122131467158,"R0":-0.0019739665290475984,"beta1":-0.0010255991601614909,"i":0.0049684804334791874},"baV":{"pr_Hi":0.022596830173950845,"baV":1.3313283777174305,"rep_ndss":0.00011131327271034507,"pr_Hs":0.0030258342159979489,"phase":-0.00049315446295467914,"pr_Vi":0.38870739914485425,"R0":0.0023808123458351304,"beta1":0.001107122678711128,"i":-0.045683713947711514},"rep_ndss":{"pr_Hi":0.0010154246480198208,"baV":0.00011131327271034507,"rep_ndss":0.00072569071395907868,"pr_Hs":0.00021167945024896684,"phase":-2.4594343562528679e-5,"pr_Vi":-0.0023045577783025245,"R0":-0.00011397102419403727,"beta1":0.00019906376150053353,"i":1.714692956636676e-5},"pr_Hs":{"pr_Hi":0.0012604969963452351,"baV":0.0030258342159979489,"rep_ndss":0.00021167945024896684,"pr_Hs":0.00038482304820067605,"phase":-3.2730200833401815e-6,"pr_Vi":0.00034431787934873946,"R0":-0.00014160956639529474,"beta1":4.8166800165458597e-5,"i":0.0010167447508103479},"phase":{"pr_Hi":0.00020151307959839299,"baV":-0.00049315446295467914,"rep_ndss":-2.4594343562528679e-5,"pr_Hs":-3.2730200833401815e-6,"phase":7.9750423844474018e-5,"pr_Vi":-8.7431075469832827e-5,"R0":-1.5285538102281294e-5,"beta1":-3.3056914326605886e-5,"i":-0.00027858944282891182},"pr_Vi":{"pr_Hi":-0.62618122131467158,"baV":0.38870739914485425,"rep_ndss":-0.0023045577783025245,"pr_Hs":0.00034431787934873946,"phase":-8.7431075469832827e-5,"pr_Vi":0.80997851206459592,"R0":0.00032201339333509779,"beta1":-0.0013276514295663155,"i":-0.042047207658721511},"R0":{"pr_Hi":-0.0019739665290475984,"baV":0.0023808123458351304,"rep_ndss":-0.00011397102419403727,"pr_Hs":-0.00014160956639529474,"phase":-1.5285538102281294e-5,"pr_Vi":0.00032201339333509779,"R0":0.00025983922784813038,"beta1":9.4799845358505119e-5,"i":0.00027239353176421616},"beta1":{"pr_Hi":-0.0010255991601614909,"baV":0.001107122678711128,"rep_ndss":0.00019906376150053353,"pr_Hs":4.8166800165458597e-5,"phase":-3.3056914326605886e-5,"pr_Vi":-0.0013276514295663155,"R0":9.4799845358505119e-5,"beta1":0.00033885631171399002,"i":-0.00058534474063027815},"i":{"pr_Hi":0.0049684804334791874,"baV":-0.045683713947711514,"rep_ndss":1.714692956636676e-5,"pr_Hs":0.0010167447508103479,"phase":-0.00027858944282891182,"pr_Vi":-0.042047207658721511,"R0":0.00027239353176421616,"beta1":-0.00058534474063027815,"i":1.268007785848271}},"name":"covariance","description":"covariance matrix"},{"data":{"id":1,"n_data":656,"AIC":4777.3621630741518,"AICc":4777.6408008450499,"DIC":4779.3603818511501,"sum_squares":null,"log_likelihood":-2379.6810815370759,"log_ltp":-2382.8864003763729,"n_parameters":9},"name":"summary"}]}
