{"resources":[{"name":"values","data":{"i":0.017968668150339338,"pr_Hi":40.168541486027742,"pr_Hs":0.36692442064817571,"pr_Vi":8.139419706485308e-6,"phase":-0.019250843562103121,"R0":3.2808722535743509,"beta1":0.80881056100311299,"rep_ndss":0.14827699216362292,"baV":0.21711046169018761},"description":"initial values for the parameters"},{"name":"covariance","data":{"pr_Hi":{"pr_Hi":29.188711339392981,"i":23.685334385295015,"pr_Hs":-0.00038401247705084938,"pr_Vi":-2.526073755609946,"R0":0.005863891543849825,"baV":37.283518776625471,"beta1":0.014277204080595357,"phase":-0.015202389125969905,"rep_ndss":0.025992206671529919},"i":{"pr_Hi":23.685334385295015,"i":45.492455171204952,"pr_Hs":0.0034071388153432336,"pr_Vi":-2.3448082596654065,"R0":-0.0040368232226089332,"baV":38.708902806611142,"beta1":0.0039011697251773222,"phase":-0.017128212666990446,"rep_ndss":0.023224651676104168},"pr_Hs":{"pr_Hi":-0.00038401247705084938,"i":0.0034071388153432336,"pr_Hs":0.00034094001497578258,"pr_Vi":0.0035336820653153254,"R0":-0.00016851805295915623,"baV":-0.044357632956939619,"beta1":9.0464207153356277e-6,"phase":2.6144216662783115e-5,"rep_ndss":0.00027011048770924148},"pr_Vi":{"pr_Hi":-2.526073755609946,"i":-2.3448082596654065,"pr_Hs":0.0035336820653153254,"pr_Vi":1.0979398008643586,"R0":-0.0048315205611583027,"baV":-14.846492272516077,"beta1":-0.0045206416199591246,"phase":0.0068274612163345639,"rep_ndss":-0.0050173039097854717},"R0":{"pr_Hi":0.005863891543849825,"i":-0.0040368232226089332,"pr_Hs":-0.00016851805295915623,"pr_Vi":-0.0048315205611583027,"R0":0.00041820737598734562,"baV":0.056163416316890209,"beta1":0.00027781791210272828,"phase":-5.2556475820938135e-5,"rep_ndss":-0.00023075243546427101},"baV":{"pr_Hi":37.283518776625471,"i":38.708902806611142,"pr_Hs":-0.044357632956939619,"pr_Vi":-14.846492272516077,"R0":0.056163416316890209,"baV":202.193292407581,"beta1":0.050667894575781039,"phase":-0.092067959804480279,"rep_ndss":0.073343106958059762},"beta1":{"pr_Hi":0.014277204080595357,"i":0.0039011697251773222,"pr_Hs":9.0464207153356277e-6,"pr_Vi":-0.0045206416199591246,"R0":0.00027781791210272828,"baV":0.050667894575781039,"beta1":0.00067793575452680048,"phase":-0.00010710334353125579,"rep_ndss":0.00015183093009974737},"phase":{"pr_Hi":-0.015202389125969905,"i":-0.017128212666990446,"pr_Hs":2.6144216662783115e-5,"pr_Vi":0.0068274612163345639,"R0":-5.2556475820938135e-5,"baV":-0.092067959804480279,"beta1":-0.00010710334353125579,"phase":0.00013125643189243932,"rep_ndss":-6.3643133065997932e-5},"rep_ndss":{"pr_Hi":0.025992206671529919,"i":0.023224651676104168,"pr_Hs":0.00027011048770924148,"pr_Vi":-0.0050173039097854717,"R0":-0.00023075243546427101,"baV":0.073343106958059762,"beta1":0.00015183093009974737,"phase":-6.3643133065997932e-5,"rep_ndss":0.00075919369811961194}},"description":"covariance matrix"},{"name":"summary","data":{"id":1,"log_ltp":-2382.1664218724827,"n_parameters":9,"AIC":4775.8733315040226,"AICc":4776.1519692749207,"DIC":4782.6020157890944,"log_likelihood":-2378.9366657520113,"sum_squares":null,"n_data":656}}]}
