{"resources":[{"name":"values","description":"initial values for the parameters","data":{"R0":18.548081018962,"beta1":0.87440229090862,"i":8.03197961999103,"rho_h":0.821153140394017,"rho_a":0.606219776440412,"pr_S":0.474627629744636,"phase":-0.180832638405263,"pr_I":27.7155892457813}},{"name":"covariance","description":"covariance matrix","data":{"R0":{"R0":0.02},"beta1":{"beta1":0.02},"i":{"i":0.02},"rho_h":{"rho_h":0.02},"rho_a":{"rho_a":0.02},"pr_S":{"pr_S":0.02},"phase":{"phase":0.02},"pr_I":{"pr_I":0.02}}}]}
