{"resources":[{"name":"values","description":"initial values for the parameters","data":{"beta1":0.56410560532177734,"R0":2.2454056046172601,"rho_h":0.13618056052512414,"pr_S":0.47453194310309238,"i":0.045925448513853676,"disp":0.89125736026100821,"rho_a":0.13218062120891663,"phase":-0.036128455642130575,"pr_I":9.2955414282043183}},{"name":"covariance","description":"covariance matrix","data":{"pr_I":{"pr_I":0.0099587816362672072,"i":-0.0024028224826252195,"pr_S":0.00080323409524878282,"beta1":-0.0026518535426006168,"R0":-0.0011344103076643128,"phase":6.2811145219465249e-6,"disp":0.0114442896346406,"rho_a":-3.481971251973878e-5,"rho_h":-9.7797117541473136e-5},"i":{"pr_I":-0.0024028224826252195,"i":23.577062997593163,"pr_S":0.0032932482171622039,"beta1":-0.0043477917577209296,"R0":0.0013177686702477819,"phase":-0.0017682565337809087,"disp":0.35495249451670241,"rho_a":-0.013848103107105159,"rho_h":-0.011020344768045535},"pr_S":{"pr_I":0.00080323409524878282,"i":0.0032932482171622039,"pr_S":0.00063081383447206071,"beta1":0.0002083515372473004,"R0":-0.00037067179994082293,"phase":1.9478082775223371e-5,"disp":-0.00075546436538309646,"rho_a":-0.00024647981780918064,"rho_h":0.0005304422492236929},"beta1":{"pr_I":-0.0026518535426006168,"i":-0.0043477917577209296,"pr_S":0.0002083515372473004,"beta1":0.0020155063033513421,"R0":-4.1210653656076037e-6,"phase":-6.1899096213125681e-5,"disp":-0.0077859322097177672,"rho_a":9.905666195873069e-5,"rho_h":0.001162744404203715},"R0":{"pr_I":-0.0011344103076643128,"i":0.0013177686702477819,"pr_S":-0.00037067179994082293,"beta1":-4.1210653656076037e-6,"R0":0.00030683178273450528,"phase":-1.2747454754556203e-5,"disp":-0.00061543273050902671,"rho_a":0.00013106196897582503,"rho_h":-0.0003010835539519917},"phase":{"pr_I":6.2811145219465249e-6,"i":-0.0017682565337809087,"pr_S":1.9478082775223371e-5,"beta1":-6.1899096213125681e-5,"R0":-1.2747454754556203e-5,"phase":0.00017487219568859916,"disp":0.00058941992632854739,"rho_a":-0.00020215311724503654,"rho_h":-4.0386564939602697e-5},"disp":{"pr_I":0.0114442896346406,"i":0.35495249451670241,"pr_S":-0.00075546436538309646,"beta1":-0.0077859322097177672,"R0":-0.00061543273050902671,"phase":0.00058941992632854739,"disp":1.1732022858857327,"rho_a":0.0084950441847566043,"rho_h":-0.024920724054002731},"rho_a":{"pr_I":-3.481971251973878e-5,"i":-0.013848103107105159,"pr_S":-0.00024647981780918064,"beta1":9.905666195873069e-5,"R0":0.00013106196897582503,"phase":-0.00020215311724503654,"disp":0.0084950441847566043,"rho_a":0.018056570702886299,"rho_h":0.0031846280236288494},"rho_h":{"pr_I":-9.7797117541473136e-5,"i":-0.011020344768045535,"pr_S":0.0005304422492236929,"beta1":0.001162744404203715,"R0":-0.0003010835539519917,"phase":-4.0386564939602697e-5,"disp":-0.024920724054002731,"rho_a":0.0031846280236288494,"rho_h":0.0031310132152597529}}},{"name":"summary","data":{"AIC":4471.2806463160459,"id":1,"AICc":4471.5400123102827,"DIC":4472.5444944958736,"n_parameters":9,"log_ltp":-2234.6035047771265,"log_likelihood":-2226.640323158023,"sum_squares":null,"n_data":704}}]}
