{
  "resources": [
    {
      "description": "initial values for the parameters",
      "data": {
        "rho_h": 0.19368867199882489,
        "R0": 2.3046915551101348,
        "beta1": 0.60154010155497151,
        "phase": -0.036227179184721001,
        "rho_a": 0.12291539076577981,
        "pr_I": 6.8758324903448553,
        "i": 0.000013831836608921159,
        "pr_S": 0.46718011104266216
      },
      "name": "values"
    },
    {
      "description": "covariance matrix",
      "data": {
        "rho_a": {
          "rho_a": 0.009106160801356105,
          "pr_I": 0.00015068994064347936,
          "pr_S": -0.000033249515147829294,
          "R0": 0.000027943706230835416,
          "beta1": -0.000082437734713274239,
          "i": 0.0010640787439406513,
          "phase": -0.000056726681154752528,
          "rho_h": 0.0012125726271828626
        },
        "pr_I": {
          "rho_a": 0.00015068994064347936,
          "pr_I": 0.0056177015676798555,
          "pr_S": 0.00015991936463333233,
          "R0": -0.00051621603330749826,
          "beta1": -0.0017214033313592719,
          "i": 0.0042059976537102538,
          "phase": 0.000014342396149738385,
          "rho_h": 0.000022361541057399989
        },
        "pr_S": {
          "rho_a": -0.000033249515147829294,
          "pr_I": 0.00015991936463333233,
          "pr_S": 0.00015638934859290226,
          "R0": -0.000085211935234254469,
          "beta1": 0.00006532677351661673,
          "i": 0.0013014034103764037,
          "phase": -0.0000017154894882101242,
          "rho_h": 0.00018196644149250386
        },
        "R0": {
          "rho_a": 0.000027943706230835416,
          "pr_I": -0.00051621603330749826,
          "pr_S": -0.000085211935234254469,
          "R0": 0.00010009479974302658,
          "beta1": 0.000033344935284762477,
          "i": 0.00018407824121067918,
          "phase": -0.0000013807602741997717,
          "rho_h": -0.00011980435146272476
        },
        "beta1": {
          "rho_a": -0.000082437734713274239,
          "pr_I": -0.0017214033313592719,
          "pr_S": 0.00006532677351661673,
          "R0": 0.000033344935284762477,
          "beta1": 0.001227497593745614,
          "i": -0.0046901285284577689,
          "phase": -0.000042816373001068967,
          "rho_h": 0.00051951092201451025
        },
        "i": {
          "rho_a": 0.0010640787439406513,
          "pr_I": 0.0042059976537102538,
          "pr_S": 0.0013014034103764037,
          "R0": 0.00018407824121067918,
          "beta1": -0.0046901285284577689,
          "i": 1.7941176254407318,
          "phase": -0.00029552140867107911,
          "rho_h": -0.003324336199682248
        },
        "phase": {
          "rho_a": -0.000056726681154752528,
          "pr_I": 0.000014342396149738385,
          "pr_S": -0.0000017154894882101242,
          "R0": -0.0000013807602741997717,
          "beta1": -0.000042816373001068967,
          "i": -0.00029552140867107911,
          "phase": 0.00006895167324870872,
          "rho_h": -0.000035616118027712697
        },
        "rho_h": {
          "rho_a": 0.0012125726271828626,
          "pr_I": 0.000022361541057399989,
          "pr_S": 0.00018196644149250386,
          "R0": -0.00011980435146272476,
          "beta1": 0.00051951092201451025,
          "i": -0.003324336199682248,
          "phase": -0.000035616118027712697,
          "rho_h": 0.001166997034114255
        }
      },
      "name": "covariance"
    },
    {
      "data": {
        "id": 1,
        "log_likelihood": -2486.3194741373045,
        "DIC": 4990.8682945980891,
        "AIC": 4988.638948274609,
        "sum_squares": null,
        "AICc": 4988.8516513765289,
        "log_ltp": -2494.3304155641686,
        "n_parameters": 8,
        "n_data": 686
      },
      "name": "summary"
    }
  ]
}