{
  "resources": [
    {
      "data": {
        "phase": -0.039019155876236243,
        "rho_h": 0.21692213329163568,
        "R0": 2.2708825178342238,
        "rho_a": 0.13527557960779066,
        "beta1": 0.627301303608651,
        "pr_S": 0.47505874956125438,
        "pr_I": 6.4830018421991147,
        "i": 0.0030235632547431102
      },
      "description": "initial values for the parameters",
      "name": "values"
    },
    {
      "data": {
        "pr_S": {
          "pr_S": 0.00014288170508452896,
          "pr_I": 0.0001574132243227415,
          "R0": -0.000075497219056187075,
          "rho_a": -0.000025402504357619113,
          "beta1": 0.000044140639833584546,
          "i": 0.00089045123400914973,
          "rho_h": 0.00016441068281924522,
          "phase": 7.9022503588203028E-7
        },
        "pr_I": {
          "pr_S": 0.0001574132243227415,
          "pr_I": 0.0054529794141178348,
          "R0": -0.0005043990955413578,
          "rho_a": -0.00016097448923288902,
          "beta1": -0.0016725265644767604,
          "i": -0.00033109066010114088,
          "rho_h": 0.000079045690210375087,
          "phase": 0.000002997046235199145
        },
        "R0": {
          "pr_S": -0.000075497219056187075,
          "pr_I": -0.0005043990955413578,
          "R0": 0.000092487121022392368,
          "rho_a": 0.000034440683146860142,
          "beta1": 0.000046950856727009074,
          "i": 0.00023078651052478054,
          "rho_h": -0.00010512835010298731,
          "phase": -0.0000019330717348907076
        },
        "rho_a": {
          "pr_S": -0.000025402504357619113,
          "pr_I": -0.00016097448923288902,
          "R0": 0.000034440683146860142,
          "rho_a": 0.0090400663618866138,
          "beta1": 0.00011319479491286803,
          "i": -0.0012172816109679158,
          "rho_h": 0.001350832585424412,
          "phase": -0.000062236874589152841
        },
        "beta1": {
          "pr_S": 0.000044140639833584546,
          "pr_I": -0.0016725265644767604,
          "R0": 0.000046950856727009074,
          "rho_a": 0.00011319479491286803,
          "beta1": 0.0011560367063738035,
          "i": -0.0014079392158883638,
          "rho_h": 0.00044954707577321324,
          "phase": -0.000035827149969180013
        },
        "i": {
          "pr_S": 0.00089045123400914973,
          "pr_I": -0.00033109066010114088,
          "R0": 0.00023078651052478054,
          "rho_a": -0.0012172816109679158,
          "beta1": -0.0014079392158883638,
          "i": 1.7296267450766423,
          "rho_h": -0.0024410310731054255,
          "phase": -0.0001183117765565173
        },
        "rho_h": {
          "pr_S": 0.00016441068281924522,
          "pr_I": 0.000079045690210375087,
          "R0": -0.00010512835010298731,
          "rho_a": 0.001350832585424412,
          "beta1": 0.00044954707577321324,
          "i": -0.0024410310731054255,
          "rho_h": 0.0011444651709170881,
          "phase": -0.000027771324452233122
        },
        "phase": {
          "pr_S": 7.9022503588203028E-7,
          "pr_I": 0.000002997046235199145,
          "R0": -0.0000019330717348907076,
          "rho_a": -0.000062236874589152841,
          "beta1": -0.000035827149969180013,
          "i": -0.0001183117765565173,
          "rho_h": -0.000027771324452233122,
          "phase": 0.000069012460848089761
        }
      },
      "description": "covariance matrix",
      "name": "covariance"
    },
    {
      "data": {
        "AIC": 4988.5267926815895,
        "id": 1,
        "AICc": 4988.7394957835095,
        "DIC": 4989.5653415609986,
        "log_ltp": -2494.2726072399305,
        "log_likelihood": -2486.2633963407948,
        "sum_squares": null,
        "n_parameters": 8,
        "n_data": 686
      },
      "name": "summary"
    }
  ]
}