{
  "resources": [
    {
      "data": {
        "phase": -0.038319290715772281,
        "rho_h": 0.20052979711418353,
        "rho_a": 0.11423641996962983,
        "R0": 2.3216816513360046,
        "pr_I": 5.4315020754795711,
        "pr_S": 0.47139739741534425,
        "beta1": 0.63478914359224936,
        "i": 0.0022606805267887898
      },
      "description": "initial values for the parameters",
      "name": "values"
    },
    {
      "data": {
        "R0": {
          "R0": 0.000092487121022392368,
          "pr_I": -0.0005043990955413578,
          "beta1": 0.000046950856727009074,
          "pr_S": -0.000075497219056187075,
          "i": 0.00023078651052478054,
          "phase": -0.0000019330717348907076,
          "rho_h": -0.00010512835010298731,
          "rho_a": 0.000034440683146860142
        },
        "pr_I": {
          "R0": -0.0005043990955413578,
          "pr_I": 0.0054529794141178348,
          "beta1": -0.0016725265644767604,
          "pr_S": 0.0001574132243227415,
          "i": -0.00033109066010114088,
          "phase": 0.000002997046235199145,
          "rho_h": 0.000079045690210375087,
          "rho_a": -0.00016097448923288902
        },
        "beta1": {
          "R0": 0.000046950856727009074,
          "pr_I": -0.0016725265644767604,
          "beta1": 0.0011560367063738035,
          "pr_S": 0.000044140639833584546,
          "i": -0.0014079392158883638,
          "phase": -0.000035827149969180013,
          "rho_h": 0.00044954707577321324,
          "rho_a": 0.00011319479491286803
        },
        "pr_S": {
          "R0": -0.000075497219056187075,
          "pr_I": 0.0001574132243227415,
          "beta1": 0.000044140639833584546,
          "pr_S": 0.00014288170508452896,
          "i": 0.00089045123400914973,
          "phase": 7.9022503588203028E-7,
          "rho_h": 0.00016441068281924522,
          "rho_a": -0.000025402504357619113
        },
        "i": {
          "R0": 0.00023078651052478054,
          "pr_I": -0.00033109066010114088,
          "beta1": -0.0014079392158883638,
          "pr_S": 0.00089045123400914973,
          "i": 1.7296267450766423,
          "phase": -0.0001183117765565173,
          "rho_h": -0.0024410310731054255,
          "rho_a": -0.0012172816109679158
        },
        "phase": {
          "R0": -0.0000019330717348907076,
          "pr_I": 0.000002997046235199145,
          "beta1": -0.000035827149969180013,
          "pr_S": 7.9022503588203028E-7,
          "i": -0.0001183117765565173,
          "phase": 0.000069012460848089761,
          "rho_h": -0.000027771324452233122,
          "rho_a": -0.000062236874589152841
        },
        "rho_h": {
          "R0": -0.00010512835010298731,
          "pr_I": 0.000079045690210375087,
          "beta1": 0.00044954707577321324,
          "pr_S": 0.00016441068281924522,
          "i": -0.0024410310731054255,
          "phase": -0.000027771324452233122,
          "rho_h": 0.0011444651709170881,
          "rho_a": 0.001350832585424412
        },
        "rho_a": {
          "R0": 0.000034440683146860142,
          "pr_I": -0.00016097448923288902,
          "beta1": 0.00011319479491286803,
          "pr_S": -0.000025402504357619113,
          "i": -0.0012172816109679158,
          "phase": -0.000062236874589152841,
          "rho_h": 0.001350832585424412,
          "rho_a": 0.0090400663618866138
        }
      },
      "description": "covariance matrix",
      "name": "covariance"
    },
    {
      "data": {
        "id": 1,
        "log_ltp": -2494.1691196535166,
        "n_parameters": 8,
        "AIC": 4988.2953495601596,
        "log_likelihood": -2486.1476747800798,
        "AICc": 4988.5080526620795,
        "DIC": 4989.8578024102044,
        "sum_squares": null,
        "n_data": 686
      },
      "name": "summary"
    }
  ]
}