{"resources":[{"name":"values","description":"initial values for the parameters","data":{"beta1":0.58757775098259879,"R0":2.2905237585676539,"pr_S":0.46719002905336188,"rho_h":0.15421315513298611,"rho_a":0.18181269043890766,"phase":-0.041281169234012434,"i":0.0051420333671800813,"disp":0.71509203393143472,"pr_I":7.7222378014007864}},{"name":"covariance","description":"covariance matrix","data":{"R0":{"R0":0.00030495133821067201,"pr_I":-0.0011817738231716349,"rho_h":-0.0002923586161919861,"pr_S":-0.0003693395122608004,"beta1":3.409160369084558e-5,"phase":-1.5318529150664703e-5,"rho_a":0.00021959410705073331,"i":0.00096585292405600284,"disp":7.4401750219336207e-5},"pr_I":{"R0":-0.0011817738231716349,"pr_I":0.010496370561751279,"rho_h":-0.00019663795367533016,"pr_S":0.00082422502047822604,"beta1":-0.0028600364215984444,"phase":4.8430307889808384e-5,"rho_a":-0.00039730904751274264,"i":-0.0031613319410110962,"disp":0.0078584524601595773},"rho_h":{"R0":-0.0002923586161919861,"pr_I":-0.00019663795367533016,"rho_h":0.0030754971101326911,"pr_S":0.00053539551655091395,"beta1":0.0011936103389162077,"phase":-7.004404111261854e-5,"rho_a":0.0026411032752654542,"i":-0.0035556512291869524,"disp":-0.024034856906071166},"pr_S":{"R0":-0.0003693395122608004,"pr_I":0.00082422502047822604,"rho_h":0.00053539551655091395,"pr_S":0.00063905310331527018,"beta1":0.00018192862232781798,"phase":2.2162790484887849e-5,"rho_a":-0.00037884167667712589,"i":0.0017573070822561767,"disp":-0.0015345291244005586},"beta1":{"R0":3.409160369084558e-5,"pr_I":-0.0028600364215984444,"rho_h":0.0011936103389162077,"pr_S":0.00018192862232781798,"beta1":0.0020292590690040935,"phase":-8.8372803114384092e-5,"rho_a":6.4274717389730345e-5,"i":-0.00042863046474395984,"disp":-0.0059079389456935536},"phase":{"R0":-1.5318529150664703e-5,"pr_I":4.8430307889808384e-5,"rho_h":-7.004404111261854e-5,"pr_S":2.2162790484887849e-5,"beta1":-8.8372803114384092e-5,"phase":0.00018609351063521407,"rho_a":-0.00019369585648363837,"i":-0.00081338003355512357,"disp":0.00045528727399090946},"rho_a":{"R0":0.00021959410705073331,"pr_I":-0.00039730904751274264,"rho_h":0.0026411032752654542,"pr_S":-0.00037884167667712589,"beta1":6.4274717389730345e-5,"phase":-0.00019369585648363837,"rho_a":0.017023108187677802,"i":0.001901113355258794,"disp":0.010152497055435679},"i":{"R0":0.00096585292405600284,"pr_I":-0.0031613319410110962,"rho_h":-0.0035556512291869524,"pr_S":0.0017573070822561767,"beta1":-0.00042863046474395984,"phase":-0.00081338003355512357,"rho_a":0.001901113355258794,"i":1.6713742416202306,"disp":0.044313968277256553},"disp":{"R0":7.4401750219336207e-5,"pr_I":0.0078584524601595773,"rho_h":-0.024034856906071166,"pr_S":-0.0015345291244005586,"beta1":-0.0059079389456935536,"phase":0.00045528727399090946,"rho_a":0.010152497055435679,"i":0.044313968277256553,"disp":1.1459330086853941}}},{"name":"summary","data":{"n_parameters":9,"id":1,"DIC":4471.9069681974906,"sum_squares":null,"AIC":4471.8412422140027,"AICc":4472.1006082082395,"log_likelihood":-2226.9206211070014,"log_ltp":-2234.8624393165969,"n_data":704}}]}
