{"resources":[{"data":{"beta1":0.56622104934303863,"R0":2.2202772430997775,"i":0.014418261208089164,"phase":-0.038095309547196303,"pr_I":9.3531949885559129,"pr_S":0.47408116416777119,"disp":0.97653107066881162,"rho_h":0.1328405902645286,"rho_a":0.13683289837544271},"name":"values","description":"initial values for the parameters"},{"data":{"rho_h":{"rho_h":0.0030754971101326911,"disp":-0.024034856906071166,"pr_I":-0.00019663795367533016,"pr_S":0.00053539551655091395,"phase":-7.004404111261854e-5,"R0":-0.0002923586161919861,"i":-0.0035556512291869524,"beta1":0.0011936103389162077,"rho_a":0.0026411032752654542},"disp":{"rho_h":-0.024034856906071166,"disp":1.1459330086853941,"pr_I":0.0078584524601595773,"pr_S":-0.0015345291244005586,"phase":0.00045528727399090946,"R0":7.4401750219336207e-5,"i":0.044313968277256553,"beta1":-0.0059079389456935536,"rho_a":0.010152497055435679},"pr_I":{"rho_h":-0.00019663795367533016,"disp":0.0078584524601595773,"pr_I":0.010496370561751279,"pr_S":0.00082422502047822604,"phase":4.8430307889808384e-5,"R0":-0.0011817738231716349,"i":-0.0031613319410110962,"beta1":-0.0028600364215984444,"rho_a":-0.00039730904751274264},"pr_S":{"rho_h":0.00053539551655091395,"disp":-0.0015345291244005586,"pr_I":0.00082422502047822604,"pr_S":0.00063905310331527018,"phase":2.2162790484887849e-5,"R0":-0.0003693395122608004,"i":0.0017573070822561767,"beta1":0.00018192862232781798,"rho_a":-0.00037884167667712589},"phase":{"rho_h":-7.004404111261854e-5,"disp":0.00045528727399090946,"pr_I":4.8430307889808384e-5,"pr_S":2.2162790484887849e-5,"phase":0.00018609351063521407,"R0":-1.5318529150664703e-5,"i":-0.00081338003355512357,"beta1":-8.8372803114384092e-5,"rho_a":-0.00019369585648363837},"R0":{"rho_h":-0.0002923586161919861,"disp":7.4401750219336207e-5,"pr_I":-0.0011817738231716349,"pr_S":-0.0003693395122608004,"phase":-1.5318529150664703e-5,"R0":0.00030495133821067201,"i":0.00096585292405600284,"beta1":3.409160369084558e-5,"rho_a":0.00021959410705073331},"i":{"rho_h":-0.0035556512291869524,"disp":0.044313968277256553,"pr_I":-0.0031613319410110962,"pr_S":0.0017573070822561767,"phase":-0.00081338003355512357,"R0":0.00096585292405600284,"i":1.6713742416202306,"beta1":-0.00042863046474395984,"rho_a":0.001901113355258794},"beta1":{"rho_h":0.0011936103389162077,"disp":-0.0059079389456935536,"pr_I":-0.0028600364215984444,"pr_S":0.00018192862232781798,"phase":-8.8372803114384092e-5,"R0":3.409160369084558e-5,"i":-0.00042863046474395984,"beta1":0.0020292590690040935,"rho_a":6.4274717389730345e-5},"rho_a":{"rho_h":0.0026411032752654542,"disp":0.010152497055435679,"pr_I":-0.00039730904751274264,"pr_S":-0.00037884167667712589,"phase":-0.00019369585648363837,"R0":0.00021959410705073331,"i":0.001901113355258794,"beta1":6.4274717389730345e-5,"rho_a":0.017023108187677802}},"name":"covariance","description":"covariance matrix"},{"data":{"id":1,"AICc":4472.1249124680344,"AIC":4471.8655464737976,"n_parameters":9,"sum_squares":null,"DIC":4471.5135338602367,"log_likelihood":-2226.9327732368988,"log_ltp":-2234.9136472068853,"n_data":704},"name":"summary"}]}
