{"resources":[{"name":"values","data":{"R0":1.9719734396393853,"disp":0.58592847245535074,"pr_S1":0.18335748784889902,"i":0.071704971400606984,"phase":-0.039035221611324021,"beta1":0.55046211469402584,"rep_ndss":0.080634336934583967,"pr_I2":7.0644007566728666,"pr_I1":1.436711922878295,"pr_S":0.37538588072584345,"pr_S2":0.084479169073908011},"description":"initial values for the parameters"},{"name":"covariance","data":{"pr_I1":{"pr_I1":1.2882146525835403,"pr_S":-0.0083234402818998122,"pr_I2":-0.0087564046148116744,"pr_S1":-0.022359329968897352,"i":-0.093378093733714793,"disp":-0.036486710795507582,"R0":0.0067153384171679984,"pr_S2":0.015438475638269793,"beta1":0.00039892537578648565,"phase":0.00049251259266512874,"rep_ndss":-0.0063508303104321947},"pr_S":{"pr_I1":-0.0083234402818998122,"pr_S":0.034206737518055967,"pr_I2":-0.001747148572804814,"pr_S1":-0.047092764157876395,"i":-0.0067255023679539247,"disp":0.0013885839190779033,"R0":-0.0010037562884021452,"pr_S2":-0.16796835030547172,"beta1":0.00043714069778880371,"phase":-8.3799568986059835e-5,"rep_ndss":0.0006677059163608277},"pr_I2":{"pr_I1":-0.0087564046148116744,"pr_S":-0.001747148572804814,"pr_I2":0.014995179542677607,"pr_S1":0.00092475757047469776,"i":0.0050674615433099601,"disp":0.004694727321046587,"R0":-0.00024446606141167429,"pr_S2":0.0077274280684676419,"beta1":-0.0025376442605832927,"phase":0.00011193956774002848,"rep_ndss":-0.0012524171444023822},"pr_S1":{"pr_I1":-0.022359329968897352,"pr_S":-0.047092764157876395,"pr_I2":0.00092475757047469776,"pr_S1":0.07443269997621485,"i":0.0067284934093757081,"disp":0.0030992615036563591,"R0":-8.1556383274198176e-5,"pr_S2":0.27684177088309742,"beta1":7.3624409070965414e-5,"phase":-8.3617619734724729e-5,"rep_ndss":0.00028987818809649029},"i":{"pr_I1":-0.093378093733714793,"pr_S":-0.0067255023679539247,"pr_I2":0.0050674615433099601,"pr_S1":0.0067284934093757081,"i":0.067578649613804304,"disp":0.0075205527037171243,"R0":0.00076047228030951409,"pr_S2":-0.019517064050382411,"beta1":-0.0030248279521139705,"phase":9.5548242892462519e-5,"rep_ndss":-0.0029663345841419945},"disp":{"pr_I1":-0.036486710795507582,"pr_S":0.0013885839190779033,"pr_I2":0.004694727321046587,"pr_S1":0.0030992615036563591,"i":0.0075205527037171243,"disp":0.12658900248135938,"R0":-0.0010620687711747627,"pr_S2":0.0065285977102492593,"beta1":-0.0024832825407727186,"phase":-0.00013720135039684318,"rep_ndss":-0.0094738923342027517},"R0":{"pr_I1":0.0067153384171679984,"pr_S":-0.0010037562884021452,"pr_I2":-0.00024446606141167429,"pr_S1":-8.1556383274198176e-5,"i":0.00076047228030951409,"disp":-0.0010620687711747627,"R0":0.00033261824253250484,"pr_S2":-0.00094012930792188086,"beta1":3.2814901343541546e-5,"phase":4.1009703295589165e-5,"rep_ndss":-0.00017213528837632165},"pr_S2":{"pr_I1":0.015438475638269793,"pr_S":-0.16796835030547172,"pr_I2":0.0077274280684676419,"pr_S1":0.27684177088309742,"i":-0.019517064050382411,"disp":0.0065285977102492593,"R0":-0.00094012930792188086,"pr_S2":1.4664842001781255,"beta1":0.00015552923181187233,"phase":-0.00067471544620565478,"rep_ndss":0.0019855890522314963},"beta1":{"pr_I1":0.00039892537578648565,"pr_S":0.00043714069778880371,"pr_I2":-0.0025376442605832927,"pr_S1":7.3624409070965414e-5,"i":-0.0030248279521139705,"disp":-0.0024832825407727186,"R0":3.2814901343541546e-5,"pr_S2":0.00015552923181187233,"beta1":0.002209310987546482,"phase":-6.1441595111670063e-5,"rep_ndss":0.0011002304522903152},"phase":{"pr_I1":0.00049251259266512874,"pr_S":-8.3799568986059835e-5,"pr_I2":0.00011193956774002848,"pr_S1":-8.3617619734724729e-5,"i":9.5548242892462519e-5,"disp":-0.00013720135039684318,"R0":4.1009703295589165e-5,"pr_S2":-0.00067471544620565478,"beta1":-6.1441595111670063e-5,"phase":0.00019894966054229471,"rep_ndss":-3.3850602985001756e-5},"rep_ndss":{"pr_I1":-0.0063508303104321947,"pr_S":0.0006677059163608277,"pr_I2":-0.0012524171444023822,"pr_S1":0.00028987818809649029,"i":-0.0029663345841419945,"disp":-0.0094738923342027517,"R0":-0.00017213528837632165,"pr_S2":0.0019855890522314963,"beta1":0.0011002304522903152,"phase":-3.3850602985001756e-5,"rep_ndss":0.0020648804920462582}},"description":"covariance matrix"},{"name":"summary","data":{"sum_squares":null,"id":1,"n_data":704,"AIC":4509.0474955891113,"AICc":4509.4289984792849,"DIC":4505.5064153888343,"log_likelihood":-2243.5237477945557,"n_parameters":11,"log_ltp":-2254.6169661836166}}]}
