{"resources":[{"data":{"beta1":0.58924084688412126,"pr_S":0.4745136631994783,"pr_I":3.6610597571605292,"phase":-0.025475901343520797,"i":0.0014228926024647244,"R0":2.3481168671162238,"lambda0":3.9569160535553723e-5,"rep_ndss":0.17712062576252888},"name":"values","description":"initial values for the parameters"},{"data":{"phase":{"phase":7.3560889346383071e-5,"i":-0.0005382703883742558,"pr_I":-3.4861114903769664e-6,"lambda0":0.00027451647079486396,"beta1":-4.097014549482674e-5,"pr_S":2.6801466399477814e-6,"R0":-5.8008730094454458e-6,"rep_ndss":-2.4779527406139155e-5},"i":{"phase":-0.0005382703883742558,"i":1.6310813356717246,"pr_I":0.018436934506342345,"lambda0":-0.03769280092546215,"beta1":0.00077319959056070637,"pr_S":0.0011660219448050924,"R0":4.073459119043571e-5,"rep_ndss":-0.00081057293614300661},"pr_I":{"phase":-3.4861114903769664e-6,"i":0.018436934506342345,"pr_I":0.92683946229435044,"lambda0":-0.37731314863819154,"beta1":-0.0032045665850670155,"pr_S":-0.000108792116303993,"R0":-0.0011322347519212798,"rep_ndss":0.00091098053453583826},"lambda0":{"phase":0.00027451647079486396,"i":-0.03769280092546215,"pr_I":-0.37731314863819154,"lambda0":0.2650145820924395,"beta1":-0.00083117639950247612,"pr_S":0.00010721460502953549,"R0":-4.8649633929816817e-5,"rep_ndss":-0.00092328185684646018},"beta1":{"phase":-4.097014549482674e-5,"i":0.00077319959056070637,"pr_I":-0.0032045665850670155,"lambda0":-0.00083117639950247612,"beta1":0.00086038125032379404,"pr_S":6.7611204231024697e-5,"R0":6.4609020183865326e-5,"rep_ndss":0.00034109753834689566},"pr_S":{"phase":2.6801466399477814e-6,"i":0.0011660219448050924,"pr_I":-0.000108792116303993,"lambda0":0.00010721460502953549,"beta1":6.7611204231024697e-5,"pr_S":0.00020610402134848397,"R0":-0.00012139382535734723,"rep_ndss":0.00020931226381272708},"R0":{"phase":-5.8008730094454458e-6,"i":4.073459119043571e-5,"pr_I":-0.0011322347519212798,"lambda0":-4.8649633929816817e-5,"beta1":6.4609020183865326e-5,"pr_S":-0.00012139382535734723,"R0":0.00011987177495863919,"rep_ndss":-0.00011110406997634476},"rep_ndss":{"phase":-2.4779527406139155e-5,"i":-0.00081057293614300661,"pr_I":0.00091098053453583826,"lambda0":-0.00092328185684646018,"beta1":0.00034109753834689566,"pr_S":0.00020931226381272708,"R0":-0.00011110406997634476,"rep_ndss":0.0008198314517364882}},"name":"covariance","description":"covariance matrix"},{"data":{"id":1,"AIC":4818.4677908977856,"DIC":4817.4734597637134,"sum_squares":null,"AICc":4818.6903565855755,"log_likelihood":-2401.2338954488928,"log_ltp":-2402.3238890961838,"n_parameters":8,"n_data":656},"name":"summary"}]}
