{"resources":[{"name":"values","description":"initial values for the parameters","data":{"R0":2.3813996517631844,"beta1":0.5290720747567198,"phase":-0.029154869855148185,"pr_S":0.46564469738377606,"pr_I":23.636042132659604,"disp":0.89020586275175129,"i":0.049858240841817357,"rep_ndss":0.10943722666781038}},{"name":"covariance","description":"covariance matrix","data":{"disp":{"disp":0.35007637414593562,"pr_S":-0.0013416983678300092,"pr_I":0.0077574640844086289,"R0":0.00012153639391473176,"beta1":-0.0045441614645284085,"i":0.058661196268256117,"phase":9.8360562327700612e-5,"rep_ndss":-0.019562667529201345},"pr_S":{"disp":-0.0013416983678300092,"pr_S":0.00087590672677239289,"pr_I":0.0010245531861884727,"R0":-0.00047647831587235043,"beta1":0.00025065457500027532,"i":0.0024429874032001939,"phase":4.2047911371311134e-5,"rep_ndss":0.00074750735842859487},"pr_I":{"disp":0.0077574640844086289,"pr_S":0.0010245531861884727,"pr_I":0.013270914266090795,"R0":-0.0013149042993186324,"beta1":-0.0032956149732402086,"i":0.0038101396916054189,"phase":0.00022020405534015189,"rep_ndss":-0.00067983907924375295},"R0":{"disp":0.00012153639391473176,"pr_S":-0.00047647831587235043,"pr_I":-0.0013149042993186324,"R0":0.00035052078007705064,"beta1":5.4441307363700988e-5,"i":0.0013231808553174731,"phase":-3.5130530865331021e-5,"rep_ndss":-0.00033955656647934789},"beta1":{"disp":-0.0045441614645284085,"pr_S":0.00025065457500027532,"pr_I":-0.0032956149732402086,"R0":5.4441307363700988e-5,"beta1":0.00168222348680459,"i":-0.0019823161133912721,"phase":-0.00010436080969649674,"rep_ndss":0.0011418145964354914},"i":{"disp":0.058661196268256117,"pr_S":0.0024429874032001939,"pr_I":0.0038101396916054189,"R0":0.0013231808553174731,"beta1":-0.0019823161133912721,"i":1.4863597810125209,"phase":-0.0010018185509570328,"rep_ndss":-0.0078223883753268542},"phase":{"disp":9.8360562327700612e-5,"pr_S":4.2047911371311134e-5,"pr_I":0.00022020405534015189,"R0":-3.5130530865331021e-5,"beta1":-0.00010436080969649674,"i":-0.0010018185509570328,"phase":0.00019925495418849872,"rep_ndss":-1.7614949697900485e-5},"rep_ndss":{"disp":-0.019562667529201345,"pr_S":0.00074750735842859487,"pr_I":-0.00067983907924375295,"R0":-0.00033955656647934789,"beta1":0.0011418145964354914,"i":-0.0078223883753268542,"phase":-1.7614949697900485e-5,"rep_ndss":0.0029865328399995201}}},{"name":"summary","data":{"AICc":4359.3215069233602,"id":1,"AIC":4359.1019947282384,"sum_squares":null,"n_parameters":8,"log_likelihood":-2171.5509973641192,"DIC":4360.0777456655633,"log_ltp":-2179.5082564648628,"n_data":665}}]}
