{"resources":[{"name":"values","description":"initial values for the parameters","data":{"phase":-0.027302564184733973,"R0":2.3798914085744447,"lambda0":4.8631806074347423e-5,"i":0.006392246026730059,"beta1":0.5741419628272677,"rep_ndss":0.17033002546350048,"pr_S":0.46759635965443874,"pr_I":2.0338190010894692}},{"name":"covariance","description":"covariance matrix","data":{"pr_I":{"pr_I":1.4048442800286542,"i":0.46923885781605806,"beta1":-0.0012205072303638025,"lambda0":-0.73903229450192542,"pr_S":0.00030774536557105829,"R0":-0.00081559597862702806,"phase":-0.00014328277011856403,"rep_ndss":0.0014121975569297402},"i":{"pr_I":0.46923885781605806,"i":2.2484648913306793,"beta1":-0.00060284068079034239,"lambda0":-0.17726896841849149,"pr_S":0.0012448701470515098,"R0":0.0004391570102273085,"phase":-0.00024242555911588423,"rep_ndss":-0.001442057646319287},"beta1":{"pr_I":-0.0012205072303638025,"i":-0.00060284068079034239,"beta1":0.00087871766762907973,"lambda0":-0.002365897060204777,"pr_S":9.8451332551410627e-5,"R0":3.5657889659228524e-5,"phase":-5.261380681615383e-5,"rep_ndss":0.00039123701299820858},"lambda0":{"pr_I":-0.73903229450192542,"i":-0.17726896841849149,"beta1":-0.002365897060204777,"lambda0":0.94669420895794754,"pr_S":0.00021726386955709837,"R0":-5.5158494555501487e-5,"phase":-0.00026296954497999066,"rep_ndss":-0.0026563663901839766},"pr_S":{"pr_I":0.00030774536557105829,"i":0.0012448701470515098,"beta1":9.8451332551410627e-5,"lambda0":0.00021726386955709837,"pr_S":0.0002366989117980373,"R0":-0.00013557416305220421,"phase":-1.455791838422872e-5,"rep_ndss":0.000265335250597075},"R0":{"pr_I":-0.00081559597862702806,"i":0.0004391570102273085,"beta1":3.5657889659228524e-5,"lambda0":-5.5158494555501487e-5,"pr_S":-0.00013557416305220421,"R0":0.00012482382518620399,"phase":5.1111416539882929e-6,"rep_ndss":-0.00014181441761379894},"phase":{"pr_I":-0.00014328277011856403,"i":-0.00024242555911588423,"beta1":-5.261380681615383e-5,"lambda0":-0.00026296954497999066,"pr_S":-1.455791838422872e-5,"R0":5.1111416539882929e-6,"phase":7.1548941840603473e-5,"rep_ndss":-3.7900018679197701e-5},"rep_ndss":{"pr_I":0.0014121975569297402,"i":-0.001442057646319287,"beta1":0.00039123701299820858,"lambda0":-0.0026563663901839766,"pr_S":0.000265335250597075,"R0":-0.00014181441761379894,"phase":-3.7900018679197701e-5,"rep_ndss":0.00088464243412836861}}},{"name":"summary","data":{"id":1,"log_likelihood":-2400.968402686176,"AIC":4817.936805372352,"AICc":4818.1593710601419,"DIC":4818.1779966506347,"log_ltp":-2402.0680485464186,"sum_squares":null,"n_parameters":8,"n_data":656}}]}
