{
  "resources": [
    {
      "data": {
        "beta1": 0.57534460065310711,
        "phase": -0.023097141536487349,
        "pr_S": 0.47246113925035016,
        "rep_ndss": 0.17376817561619184,
        "pr_I": 17.602125468483734,
        "i": 0.001623679172689347,
        "lambda0": 0.0000081337340069160929,
        "R0": 2.337630359078505
      },
      "name": "values",
      "description": "initial values for the parameters"
    },
    {
      "data": {
        "i": {
          "i": 1.6310813356717246,
          "lambda0": -0.03769280092546215,
          "pr_I": 0.018436934506342345,
          "rep_ndss": -0.00081057293614300661,
          "pr_S": 0.0011660219448050924,
          "R0": 0.00004073459119043571,
          "phase": -0.0005382703883742558,
          "beta1": 0.00077319959056070637
        },
        "lambda0": {
          "i": -0.03769280092546215,
          "lambda0": 0.2650145820924395,
          "pr_I": -0.37731314863819154,
          "rep_ndss": -0.00092328185684646018,
          "pr_S": 0.00010721460502953549,
          "R0": -0.000048649633929816817,
          "phase": 0.00027451647079486396,
          "beta1": -0.00083117639950247612
        },
        "pr_I": {
          "i": 0.018436934506342345,
          "lambda0": -0.37731314863819154,
          "pr_I": 0.92683946229435044,
          "rep_ndss": 0.00091098053453583826,
          "pr_S": -0.000108792116303993,
          "R0": -0.0011322347519212798,
          "phase": -0.0000034861114903769664,
          "beta1": -0.0032045665850670155
        },
        "rep_ndss": {
          "i": -0.00081057293614300661,
          "lambda0": -0.00092328185684646018,
          "pr_I": 0.00091098053453583826,
          "rep_ndss": 0.0008198314517364882,
          "pr_S": 0.00020931226381272708,
          "R0": -0.00011110406997634476,
          "phase": -0.000024779527406139155,
          "beta1": 0.00034109753834689566
        },
        "pr_S": {
          "i": 0.0011660219448050924,
          "lambda0": 0.00010721460502953549,
          "pr_I": -0.000108792116303993,
          "rep_ndss": 0.00020931226381272708,
          "pr_S": 0.00020610402134848397,
          "R0": -0.00012139382535734723,
          "phase": 0.0000026801466399477814,
          "beta1": 0.000067611204231024697
        },
        "R0": {
          "i": 0.00004073459119043571,
          "lambda0": -0.000048649633929816817,
          "pr_I": -0.0011322347519212798,
          "rep_ndss": -0.00011110406997634476,
          "pr_S": -0.00012139382535734723,
          "R0": 0.00011987177495863919,
          "phase": -0.0000058008730094454458,
          "beta1": 0.000064609020183865326
        },
        "phase": {
          "i": -0.0005382703883742558,
          "lambda0": 0.00027451647079486396,
          "pr_I": -0.0000034861114903769664,
          "rep_ndss": -0.000024779527406139155,
          "pr_S": 0.0000026801466399477814,
          "R0": -0.0000058008730094454458,
          "phase": 0.000073560889346383071,
          "beta1": -0.00004097014549482674
        },
        "beta1": {
          "i": 0.00077319959056070637,
          "lambda0": -0.00083117639950247612,
          "pr_I": -0.0032045665850670155,
          "rep_ndss": 0.00034109753834689566,
          "pr_S": 0.000067611204231024697,
          "R0": 0.000064609020183865326,
          "phase": -0.00004097014549482674,
          "beta1": 0.00086038125032379404
        }
      },
      "name": "covariance",
      "description": "covariance matrix"
    },
    {
      "data": {
        "id": 1,
        "AIC": 4818.3195421806786,
        "n_parameters": 8,
        "AICc": 4818.5421078684685,
        "DIC": 4817.7286250482566,
        "log_likelihood": -2401.1597710903393,
        "log_ltp": -2402.2544955064727,
        "n_data": 656,
        "sum_squares": null
      },
      "name": "summary"
    }
  ]
}