{"resources":[{"name":"values","description":"initial values for the parameters","data":{"R0":2.3952166316564698,"beta1":0.5515632519031296,"phase":-0.025548371883406893,"pr_S":0.46915586742151294,"i":0.018711599074817085,"pr_I":23.068919882402675,"rep_ndss":0.13207589361270822,"disp":0.66052598110771377}},{"name":"covariance","description":"covariance matrix","data":{"rep_ndss":{"rep_ndss":0.0035672872657642389,"i":-0.014559787634164649,"pr_I":-0.00092438654817375999,"phase":-7.539610458590677e-5,"beta1":0.0013095694842648027,"pr_S":0.00084385439583867759,"R0":-0.00037896405861724878,"disp":-0.0496862890131771},"i":{"rep_ndss":-0.014559787634164649,"i":20.688269586917709,"pr_I":0.007401327542834177,"phase":-0.0017518659478021306,"beta1":-0.013323170064745819,"pr_S":-0.0070726057255562323,"R0":0.0083102248551824767,"disp":0.090508389777946036},"pr_I":{"rep_ndss":-0.00092438654817375999,"i":0.007401327542834177,"pr_I":0.012789358474846212,"phase":0.00031629988305987216,"beta1":-0.0030094429822021289,"pr_S":0.0010717385046599029,"R0":-0.001362157584964655,"disp":0.039244082452857959},"phase":{"rep_ndss":-7.539610458590677e-5,"i":-0.0017518659478021306,"pr_I":0.00031629988305987216,"phase":0.00019345410406125969,"beta1":-0.00011827805051070935,"pr_S":4.5581009354359256e-5,"R0":-4.1528181008238481e-5,"disp":0.00088386622940689709},"beta1":{"rep_ndss":0.0013095694842648027,"i":-0.013323170064745819,"pr_I":-0.0030094429822021289,"phase":-0.00011827805051070935,"beta1":0.001590408845626732,"pr_S":0.00030606145669768363,"R0":1.4978088385622329e-5,"disp":-0.017660864345022946},"pr_S":{"rep_ndss":0.00084385439583867759,"i":-0.0070726057255562323,"pr_I":0.0010717385046599029,"phase":4.5581009354359256e-5,"beta1":0.00030606145669768363,"pr_S":0.00092772488048478284,"R0":-0.00051752736068321858,"disp":-0.0020185299492180347},"R0":{"rep_ndss":-0.00037896405861724878,"i":0.0083102248551824767,"pr_I":-0.001362157584964655,"phase":-4.1528181008238481e-5,"beta1":1.4978088385622329e-5,"pr_S":-0.00051752736068321858,"R0":0.00038969590824942067,"disp":-0.0014094443009429454},"disp":{"rep_ndss":-0.0496862890131771,"i":0.090508389777946036,"pr_I":0.039244082452857959,"phase":0.00088386622940689709,"beta1":-0.017660864345022946,"pr_S":-0.0020185299492180347,"R0":-0.0014094443009429454,"disp":2.1822305748306392}}},{"name":"summary","data":{"n_data":665,"AICc":4358.8554092569702,"id":1,"AIC":4358.6358970618485,"log_ltp":-2179.2668921003392,"n_parameters":8,"DIC":4360.8840799838808,"sum_squares":null,"log_likelihood":-2171.3179485309242}}]}
