{"resources":[{"data":{"beta1":0.57033295654485872,"phase":-0.022671563942990219,"R0":2.3803091842820661,"pr_S":0.46953791705565939,"lambda0":4.7493303589956506e-5,"i":0.0054647924584228305,"rep_ndss":0.16992446070290662,"pr_I":2.709965547723038},"name":"values","description":"initial values for the parameters"},{"data":{"pr_I":{"pr_I":0.8753057535146751,"i":0.03488932096839012,"lambda0":-0.49830700684577306,"R0":-0.001433612582799753,"pr_S":0.0015377290771515153,"phase":0.00016742900421871362,"beta1":-0.00081050654619390814,"rep_ndss":0.0012797489187772414},"i":{"pr_I":0.03488932096839012,"i":1.5540759706638692,"lambda0":-0.0032539957557466714,"R0":-1.5221699304817553e-5,"pr_S":0.0014592394256811192,"phase":7.272656320238136e-5,"beta1":-0.00089306947220647794,"rep_ndss":-0.0010918684429837349},"lambda0":{"pr_I":-0.49830700684577306,"i":-0.0032539957557466714,"lambda0":0.49649998572834081,"R0":0.00019883699085810304,"pr_S":-0.00067638313631124096,"phase":0.00015915060926245477,"beta1":-0.0010826642173239443,"rep_ndss":-0.00050501076584699614},"R0":{"pr_I":-0.001433612582799753,"i":-1.5221699304817553e-5,"lambda0":0.00019883699085810304,"R0":0.0001281486247490321,"pr_S":-0.00013516687109526337,"phase":-1.0190703189432072e-5,"beta1":7.3337581850603281e-5,"rep_ndss":-0.00012895459372165956},"pr_S":{"pr_I":0.0015377290771515153,"i":0.0014592394256811192,"lambda0":-0.00067638313631124096,"R0":-0.00013516687109526337,"pr_S":0.00023436437603007419,"phase":9.3556048064685936e-6,"beta1":6.1642673746582617e-5,"rep_ndss":0.00024359815252143917},"phase":{"pr_I":0.00016742900421871362,"i":7.272656320238136e-5,"lambda0":0.00015915060926245477,"R0":-1.0190703189432072e-5,"pr_S":9.3556048064685936e-6,"phase":7.4025544540975012e-5,"beta1":-4.3945743875822031e-5,"rep_ndss":-1.9587574751424328e-5},"beta1":{"pr_I":-0.00081050654619390814,"i":-0.00089306947220647794,"lambda0":-0.0010826642173239443,"R0":7.3337581850603281e-5,"pr_S":6.1642673746582617e-5,"phase":-4.3945743875822031e-5,"beta1":0.00085832289685689746,"rep_ndss":0.00034521214582022554},"rep_ndss":{"pr_I":0.0012797489187772414,"i":-0.0010918684429837349,"lambda0":-0.00050501076584699614,"R0":-0.00012895459372165956,"pr_S":0.00024359815252143917,"phase":-1.9587574751424328e-5,"beta1":0.00034521214582022554,"rep_ndss":0.00086667110082865159}},"name":"covariance","description":"covariance matrix"},{"data":{"id":1,"sum_squares":null,"n_data":656,"AIC":4818.6784318853688,"AICc":4818.9009975731587,"log_ltp":-2402.4503688310638,"DIC":4817.6149210379726,"n_parameters":8,"log_likelihood":-2401.3392159426844},"name":"summary"}]}
