{
  "resources": [
    {
      "name": "values",
      "description": "initial values for the parameters",
      "data": {
        "R0": 2.3758839177760112,
        "pr_S": 0.46472344608140376,
        "beta1": 0.54010020082044086,
        "phase": -0.026792672862311004,
        "rep_ndss": 0.12095719921279624,
        "i": 7.6894787035493387E-48,
        "disp": 0.72583705538262189,
        "pr_I": 24.221490209105209
      }
    },
    {
      "name": "covariance",
      "description": "covariance matrix",
      "data": {
        "pr_S": {
          "pr_S": 0.046282525296112702
        },
        "R0": {
          "R0": 1.8287056162953399
        },
        "beta1": {
          "beta1": 0.033336993353441403
        },
        "rep_ndss": {
          "rep_ndss": 0.059026528615504503
        },
        "phase": {
          "phase": 0.0255498006707057
        },
        "i": {
          "i": 0.58466920722275995
        },
        "disp": {
          "disp": 0.076055500935763104
        },
        "pr_I": {
          "pr_I": 0.46974829398095602
        }
      }
    },
    {
      "name": "summary",
      "data": {
        "id": 7092,
        "n_parameters": 8,
        "DIC": null,
        "AIC": null,
        "log_ltp": -2179.2668921003351,
        "AICc": null,
        "log_likelihood": null,
        "sum_squares": null,
        "n_data": 665
      }
    }
  ]
}