{
  "resources": [
    {
      "data": {
        "phase": -0.03114991661162755,
        "R0": 2.3429687603510239,
        "rep_ndss": 0.12096127338580663,
        "beta1": 0.54422708110581131,
        "pr_S": 0.46988196056451897,
        "pr_I": 24.931243613686178,
        "disp": 0.81359370179947277,
        "i": 0.0056632526016920761
      },
      "name": "values",
      "description": "initial values for the parameters"
    },
    {
      "data": {
        "disp": {
          "disp": 0.35007637414593562,
          "pr_I": 0.0077574640844086289,
          "pr_S": -0.0013416983678300092,
          "phase": 0.000098360562327700612,
          "R0": 0.00012153639391473176,
          "rep_ndss": -0.019562667529201345,
          "beta1": -0.0045441614645284085,
          "i": 0.058661196268256117
        },
        "pr_I": {
          "disp": 0.0077574640844086289,
          "pr_I": 0.013270914266090795,
          "pr_S": 0.0010245531861884727,
          "phase": 0.00022020405534015189,
          "R0": -0.0013149042993186324,
          "rep_ndss": -0.00067983907924375295,
          "beta1": -0.0032956149732402086,
          "i": 0.0038101396916054189
        },
        "pr_S": {
          "disp": -0.0013416983678300092,
          "pr_I": 0.0010245531861884727,
          "pr_S": 0.00087590672677239289,
          "phase": 0.000042047911371311134,
          "R0": -0.00047647831587235043,
          "rep_ndss": 0.00074750735842859487,
          "beta1": 0.00025065457500027532,
          "i": 0.0024429874032001939
        },
        "phase": {
          "disp": 0.000098360562327700612,
          "pr_I": 0.00022020405534015189,
          "pr_S": 0.000042047911371311134,
          "phase": 0.00019925495418849872,
          "R0": -0.000035130530865331021,
          "rep_ndss": -0.000017614949697900485,
          "beta1": -0.00010436080969649674,
          "i": -0.0010018185509570328
        },
        "R0": {
          "disp": 0.00012153639391473176,
          "pr_I": -0.0013149042993186324,
          "pr_S": -0.00047647831587235043,
          "phase": -0.000035130530865331021,
          "R0": 0.00035052078007705064,
          "rep_ndss": -0.00033955656647934789,
          "beta1": 0.000054441307363700988,
          "i": 0.0013231808553174731
        },
        "rep_ndss": {
          "disp": -0.019562667529201345,
          "pr_I": -0.00067983907924375295,
          "pr_S": 0.00074750735842859487,
          "phase": -0.000017614949697900485,
          "R0": -0.00033955656647934789,
          "rep_ndss": 0.0029865328399995201,
          "beta1": 0.0011418145964354914,
          "i": -0.0078223883753268542
        },
        "beta1": {
          "disp": -0.0045441614645284085,
          "pr_I": -0.0032956149732402086,
          "pr_S": 0.00025065457500027532,
          "phase": -0.00010436080969649674,
          "R0": 0.000054441307363700988,
          "rep_ndss": 0.0011418145964354914,
          "beta1": 0.00168222348680459,
          "i": -0.0019823161133912721
        },
        "i": {
          "disp": 0.058661196268256117,
          "pr_I": 0.0038101396916054189,
          "pr_S": 0.0024429874032001939,
          "phase": -0.0010018185509570328,
          "R0": 0.0013231808553174731,
          "rep_ndss": -0.0078223883753268542,
          "beta1": -0.0019823161133912721,
          "i": 1.4863597810125209
        }
      },
      "name": "covariance",
      "description": "covariance matrix"
    },
    {
      "data": {
        "id": 1,
        "log_likelihood": -2171.6880377478255,
        "n_data": 665,
        "DIC": 4359.7416596815565,
        "AIC": 4359.3760754956511,
        "AICc": 4359.5955876907728,
        "sum_squares": null,
        "log_ltp": -2179.6337376188048,
        "n_parameters": 8
      },
      "name": "summary"
    }
  ]
}