{"resources":[{"data":{"psi":0.68101305818241353,"i":0.0054253500465078468,"pr_I2":9.0745780287203868,"pr_S1":0.19169432023228711,"disp":0.47496603723423414,"phase":-0.045692601664483065,"pr_S":0.31015048253896194,"beta1":0.53885160299927426,"rep_ndss":0.066556868149801607,"R0":2.45550378046351,"pr_S2":0.099961941979929622,"pr_I1":15.028475347105296},"name":"values","description":"initial values for the parameters"},{"data":{"pr_S2":{"pr_S2":0.74521945935365441,"pr_I1":0.034937368549884829,"psi":-0.025193461604622228,"pr_I2":0.00092144038151847115,"pr_S1":0.2403026603623549,"i":0.028422227861646689,"pr_S":-0.13124154877868255,"rep_ndss":-0.0061709769260364263,"R0":-0.00067273099945214818,"beta1":0.0036910246147248216,"phase":-0.0015566118386130463,"disp":-0.0090431922350918941},"pr_I1":{"pr_S2":0.034937368549884829,"pr_I1":0.14156970016187909,"psi":-0.0111351061608033,"pr_I2":-0.012509688465399968,"pr_S1":-0.00015435787256150548,"i":-0.19130431240943321,"pr_S":-0.011522691758208267,"rep_ndss":-0.0048022131654010519,"R0":0.0044069425678251997,"beta1":-0.0019098665208777787,"phase":0.00021578479270529773,"disp":-0.0044069745993149233},"psi":{"pr_S2":-0.025193461604622228,"pr_I1":-0.0111351061608033,"psi":0.033101186116088518,"pr_I2":0.0046754720414717548,"pr_S1":-0.0090209508735836098,"i":0.043857277449740391,"pr_S":0.0073396988710194757,"rep_ndss":0.0015831260829696455,"R0":-0.0032215238358886326,"beta1":-0.00014268645789711147,"phase":0.00027409028819937772,"disp":-0.0045364928405061062},"pr_I2":{"pr_S2":0.00092144038151847115,"pr_I1":-0.012509688465399968,"psi":0.0046754720414717548,"pr_I2":0.013880498163359073,"pr_S1":0.0018849656727526814,"i":0.012109420728474086,"pr_S":0.00061881160638145279,"rep_ndss":-0.00031841144929647307,"R0":-0.0012190972503666891,"beta1":-0.0025096973492843679,"phase":-9.9481680075679733e-6,"disp":0.0040268113673399483},"pr_S1":{"pr_S2":0.2403026603623549,"pr_I1":-0.00015435787256150548,"psi":-0.0090209508735836098,"pr_I2":0.0018849656727526814,"pr_S1":0.089018293858828784,"i":0.055287334527801678,"pr_S":-0.049948938811438075,"rep_ndss":-0.0019232322779645205,"R0":-0.00032539402192659835,"beta1":0.0013344622595668448,"phase":-0.00073173675114351076,"disp":-0.00092195756580902891},"i":{"pr_S2":0.028422227861646689,"pr_I1":-0.19130431240943321,"psi":0.043857277449740391,"pr_I2":0.012109420728474086,"pr_S1":0.055287334527801678,"i":1.220155422210822,"pr_S":-0.018106990839606037,"rep_ndss":0.0072666806105855667,"R0":-0.0078777989222852205,"beta1":-0.00031596038809227588,"phase":-0.0014181389052586812,"disp":0.0097604203751540629},"pr_S":{"pr_S2":-0.13124154877868255,"pr_I1":-0.011522691758208267,"psi":0.0073396988710194757,"pr_I2":0.00061881160638145279,"pr_S1":-0.049948938811438075,"i":-0.018106990839606037,"pr_S":0.032549575785519841,"rep_ndss":0.0017094321630111325,"R0":-0.0010929389800530935,"beta1":1.9750322511569994e-5,"phase":0.00044225304898871302,"disp":0.0032992294875897766},"rep_ndss":{"pr_S2":-0.0061709769260364263,"pr_I1":-0.0048022131654010519,"psi":0.0015831260829696455,"pr_I2":-0.00031841144929647307,"pr_S1":-0.0019232322779645205,"i":0.0072666806105855667,"pr_S":0.0017094321630111325,"rep_ndss":0.0018931009699491904,"R0":-0.00023572213160667559,"beta1":0.00084212131199548938,"phase":6.7729288361792593e-6,"disp":-0.0074417585582528221},"R0":{"pr_S2":-0.00067273099945214818,"pr_I1":0.0044069425678251997,"psi":-0.0032215238358886326,"pr_I2":-0.0012190972503666891,"pr_S1":-0.00032539402192659835,"i":-0.0078777989222852205,"pr_S":-0.0010929389800530935,"rep_ndss":-0.00023572213160667559,"R0":0.00064678870402815199,"beta1":-9.367752796177615e-5,"phase":-1.0603519039024303e-5,"disp":-0.00066844621035386199},"beta1":{"pr_S2":0.0036910246147248216,"pr_I1":-0.0019098665208777787,"psi":-0.00014268645789711147,"pr_I2":-0.0025096973492843679,"pr_S1":0.0013344622595668448,"i":-0.00031596038809227588,"pr_S":1.9750322511569994e-5,"rep_ndss":0.00084212131199548938,"R0":-9.367752796177615e-5,"beta1":0.0021802407144573704,"phase":-8.9464546949548826e-5,"disp":-0.0018703400403010813},"phase":{"pr_S2":-0.0015566118386130463,"pr_I1":0.00021578479270529773,"psi":0.00027409028819937772,"pr_I2":-9.9481680075679733e-6,"pr_S1":-0.00073173675114351076,"i":-0.0014181389052586812,"pr_S":0.00044225304898871302,"rep_ndss":6.7729288361792593e-6,"R0":-1.0603519039024303e-5,"beta1":-8.9464546949548826e-5,"phase":0.00022631485961835474,"disp":-0.00021010637801712818},"disp":{"pr_S2":-0.0090431922350918941,"pr_I1":-0.0044069745993149233,"psi":-0.0045364928405061062,"pr_I2":0.0040268113673399483,"pr_S1":-0.00092195756580902891,"i":0.0097604203751540629,"pr_S":0.0032992294875897766,"rep_ndss":-0.0074417585582528221,"R0":-0.00066844621035386199,"beta1":-0.0018703400403010813,"phase":-0.00021010637801712818,"disp":0.076582430182223174}},"name":"covariance","description":"covariance matrix"},{"data":{"id":1,"AIC":4447.4448070459084,"log_likelihood":-2211.7224035229542,"AICc":4447.8963265828115,"DIC":4444.1749907642743,"log_ltp":-2225.0981656322247,"n_parameters":12,"sum_squares":null,"n_data":704},"name":"summary"}]}
