{
  "resources": [
    {
      "data": {
        "rep_ndss": 0.08422739758509544,
        "phase": -0.041802326446599203,
        "pr_I2": 6.6333594464200916,
        "pr_I1": 15.002540662122092,
        "R0": 2.5538240992092271,
        "i": 0.0054181239137962352,
        "pr_S2": 0.12238887343827004,
        "beta1": 0.56248983818780829,
        "pr_S1": 0.22408439732918287,
        "pr_S": 0.26713039754902773,
        "psi": 0.70212435233489923
      },
      "name": "values",
      "description": "initial values for the parameters"
    },
    {
      "data": {
        "R0": {
          "R0": 0.00022251837438559753,
          "pr_I1": 0.0017914982731497507,
          "pr_I2": -0.00050288191454725818,
          "beta1": -0.000019401418899860549,
          "pr_S": -0.00035560776490245623,
          "pr_S1": -0.00019578820300900234,
          "i": -0.0045809501054276183,
          "pr_S2": -0.0010467908957019908,
          "phase": -0.000019332112010411665,
          "psi": -0.00030075804770143252,
          "rep_ndss": -0.000096597106944303318
        },
        "pr_I1": {
          "R0": 0.0017914982731497507,
          "pr_I1": 0.11573221295739924,
          "pr_I2": -0.0083039278562168223,
          "beta1": -0.00094674781029328793,
          "pr_S": -0.0011274852972314611,
          "pr_S1": -0.0049916511894389027,
          "i": -0.19395755717277668,
          "pr_S2": 0.028010252167897938,
          "phase": 0.0001727093156390393,
          "psi": -0.0013112078596306989,
          "rep_ndss": -0.0028806578543710739
        },
        "pr_I2": {
          "R0": -0.00050288191454725818,
          "pr_I1": -0.0083039278562168223,
          "pr_I2": 0.0076927752855686952,
          "beta1": -0.0016398553461785294,
          "pr_S": -0.001762597501604683,
          "pr_S1": 0.0012018397513305957,
          "i": 0.016739452676661774,
          "pr_S2": 0.0035590628461647849,
          "phase": 0.000082383103546543099,
          "psi": 0.00094065513582875144,
          "rep_ndss": 0.000041916890337669533
        },
        "beta1": {
          "R0": -0.000019401418899860549,
          "pr_I1": -0.00094674781029328793,
          "pr_I2": -0.0016398553461785294,
          "beta1": 0.0013079703984421858,
          "pr_S": 0.00047830033349370251,
          "pr_S1": 0.00015357198541798904,
          "i": -0.0024702891051692779,
          "pr_S2": 0.00082248468146579304,
          "phase": -0.000042823292117987378,
          "psi": -0.000034944783962448001,
          "rep_ndss": 0.00032749678772908214
        },
        "pr_S": {
          "R0": -0.00035560776490245623,
          "pr_I1": -0.0011274852972314611,
          "pr_I2": -0.001762597501604683,
          "beta1": 0.00047830033349370251,
          "pr_S": 0.041114414436590689,
          "pr_S1": -0.028437799236167984,
          "i": -0.04970386849151201,
          "pr_S2": -0.11454053678843117,
          "phase": 0.000052226720050299914,
          "psi": 0.00023425148300771799,
          "rep_ndss": 0.00096797598265777952
        },
        "pr_S1": {
          "R0": -0.00019578820300900234,
          "pr_I1": -0.0049916511894389027,
          "pr_I2": 0.0012018397513305957,
          "beta1": 0.00015357198541798904,
          "pr_S": -0.028437799236167984,
          "pr_S1": 0.023742135679405234,
          "i": 0.043152717726103219,
          "pr_S2": 0.098922442225225587,
          "phase": -0.000035229626832201343,
          "psi": -0.00090638009784528236,
          "rep_ndss": -0.00055736142365019504
        },
        "i": {
          "R0": -0.0045809501054276183,
          "pr_I1": -0.19395755717277668,
          "pr_I2": 0.016739452676661774,
          "beta1": -0.0024702891051692779,
          "pr_S": -0.04970386849151201,
          "pr_S1": 0.043152717726103219,
          "i": 1.2642230331342439,
          "pr_S2": 0.015510042870062688,
          "phase": -0.00068961358535268727,
          "psi": 0.0079270532689343417,
          "rep_ndss": 0.0065688686386994807
        },
        "pr_S2": {
          "R0": -0.0010467908957019908,
          "pr_I1": 0.028010252167897938,
          "pr_I2": 0.0035590628461647849,
          "beta1": 0.00082248468146579304,
          "pr_S": -0.11454053678843117,
          "pr_S1": 0.098922442225225587,
          "i": 0.015510042870062688,
          "pr_S2": 0.49889677134897109,
          "phase": 0.00031195334825601621,
          "psi": -0.0034699705219226407,
          "rep_ndss": -0.0038288019631661746
        },
        "phase": {
          "R0": -0.000019332112010411665,
          "pr_I1": 0.0001727093156390393,
          "pr_I2": 0.000082383103546543099,
          "beta1": -0.000042823292117987378,
          "pr_S": 0.000052226720050299914,
          "pr_S1": -0.000035229626832201343,
          "i": -0.00068961358535268727,
          "pr_S2": 0.00031195334825601621,
          "phase": 0.000099189035987957421,
          "psi": 0.000054128349981492416,
          "rep_ndss": -0.00002182979026919579
        },
        "psi": {
          "R0": -0.00030075804770143252,
          "pr_I1": -0.0013112078596306989,
          "pr_I2": 0.00094065513582875144,
          "beta1": -0.000034944783962448001,
          "pr_S": 0.00023425148300771799,
          "pr_S1": -0.00090638009784528236,
          "i": 0.0079270532689343417,
          "pr_S2": -0.0034699705219226407,
          "phase": 0.000054128349981492416,
          "psi": 0.0011656174727301166,
          "rep_ndss": 0.00019064023912024523
        },
        "rep_ndss": {
          "R0": -0.000096597106944303318,
          "pr_I1": -0.0028806578543710739,
          "pr_I2": 0.000041916890337669533,
          "beta1": 0.00032749678772908214,
          "pr_S": 0.00096797598265777952,
          "pr_S1": -0.00055736142365019504,
          "i": 0.0065688686386994807,
          "pr_S2": -0.0038288019631661746,
          "phase": -0.00002182979026919579,
          "psi": 0.00019064023912024523,
          "rep_ndss": 0.00053922571083897259
        }
      },
      "name": "covariance",
      "description": "covariance matrix"
    },
    {
      "data": {
        "id": 1,
        "AIC": 4606.0501993265225,
        "DIC": 4603.7337267618695,
        "n_data": 686,
        "AICc": 4606.4418907211812,
        "log_ltp": -2310.5801842635419,
        "log_likelihood": -2292.0250996632612,
        "sum_squares": null,
        "n_parameters": 11
      },
      "name": "summary"
    }
  ]
}