{"resources":[{"name":"values","data":{"rep_ndss":0.079950225859825405,"phase":-0.046766749635246553,"pr_I2":8.0605489011933766,"R0":2.4978234784864619,"pr_S2":0.10267011769357683,"beta1":0.54097074507818077,"pr_I1":12.697633074853645,"i":0.012521885719755869,"pr_S1":0.20511329160139738,"pr_S":0.28621327636680433,"psi":0.70376071504971549},"description":"initial values for the parameters"},{"name":"covariance","data":{"pr_I1":{"pr_I1":0.11573221295739924,"beta1":-0.00094674781029328793,"rep_ndss":-0.0028806578543710739,"phase":0.0001727093156390393,"pr_I2":-0.0083039278562168223,"pr_S":-0.0011274852972314611,"pr_S1":-0.0049916511894389027,"R0":0.0017914982731497507,"pr_S2":0.028010252167897938,"i":-0.19395755717277668,"psi":-0.0013112078596306989},"beta1":{"pr_I1":-0.00094674781029328793,"beta1":0.0013079703984421858,"rep_ndss":0.00032749678772908214,"phase":-4.2823292117987378e-5,"pr_I2":-0.0016398553461785294,"pr_S":0.00047830033349370251,"pr_S1":0.00015357198541798904,"R0":-1.9401418899860549e-5,"pr_S2":0.00082248468146579304,"i":-0.0024702891051692779,"psi":-3.4944783962448001e-5},"rep_ndss":{"pr_I1":-0.0028806578543710739,"beta1":0.00032749678772908214,"rep_ndss":0.00053922571083897259,"phase":-2.182979026919579e-5,"pr_I2":4.1916890337669533e-5,"pr_S":0.00096797598265777952,"pr_S1":-0.00055736142365019504,"R0":-9.6597106944303318e-5,"pr_S2":-0.0038288019631661746,"i":0.0065688686386994807,"psi":0.00019064023912024523},"phase":{"pr_I1":0.0001727093156390393,"beta1":-4.2823292117987378e-5,"rep_ndss":-2.182979026919579e-5,"phase":9.9189035987957421e-5,"pr_I2":8.2383103546543099e-5,"pr_S":5.2226720050299914e-5,"pr_S1":-3.5229626832201343e-5,"R0":-1.9332112010411665e-5,"pr_S2":0.00031195334825601621,"i":-0.00068961358535268727,"psi":5.4128349981492416e-5},"pr_I2":{"pr_I1":-0.0083039278562168223,"beta1":-0.0016398553461785294,"rep_ndss":4.1916890337669533e-5,"phase":8.2383103546543099e-5,"pr_I2":0.0076927752855686952,"pr_S":-0.001762597501604683,"pr_S1":0.0012018397513305957,"R0":-0.00050288191454725818,"pr_S2":0.0035590628461647849,"i":0.016739452676661774,"psi":0.00094065513582875144},"pr_S":{"pr_I1":-0.0011274852972314611,"beta1":0.00047830033349370251,"rep_ndss":0.00096797598265777952,"phase":5.2226720050299914e-5,"pr_I2":-0.001762597501604683,"pr_S":0.041114414436590689,"pr_S1":-0.028437799236167984,"R0":-0.00035560776490245623,"pr_S2":-0.11454053678843117,"i":-0.04970386849151201,"psi":0.00023425148300771799},"pr_S1":{"pr_I1":-0.0049916511894389027,"beta1":0.00015357198541798904,"rep_ndss":-0.00055736142365019504,"phase":-3.5229626832201343e-5,"pr_I2":0.0012018397513305957,"pr_S":-0.028437799236167984,"pr_S1":0.023742135679405234,"R0":-0.00019578820300900234,"pr_S2":0.098922442225225587,"i":0.043152717726103219,"psi":-0.00090638009784528236},"R0":{"pr_I1":0.0017914982731497507,"beta1":-1.9401418899860549e-5,"rep_ndss":-9.6597106944303318e-5,"phase":-1.9332112010411665e-5,"pr_I2":-0.00050288191454725818,"pr_S":-0.00035560776490245623,"pr_S1":-0.00019578820300900234,"R0":0.00022251837438559753,"pr_S2":-0.0010467908957019908,"i":-0.0045809501054276183,"psi":-0.00030075804770143252},"pr_S2":{"pr_I1":0.028010252167897938,"beta1":0.00082248468146579304,"rep_ndss":-0.0038288019631661746,"phase":0.00031195334825601621,"pr_I2":0.0035590628461647849,"pr_S":-0.11454053678843117,"pr_S1":0.098922442225225587,"R0":-0.0010467908957019908,"pr_S2":0.49889677134897109,"i":0.015510042870062688,"psi":-0.0034699705219226407},"i":{"pr_I1":-0.19395755717277668,"beta1":-0.0024702891051692779,"rep_ndss":0.0065688686386994807,"phase":-0.00068961358535268727,"pr_I2":0.016739452676661774,"pr_S":-0.04970386849151201,"pr_S1":0.043152717726103219,"R0":-0.0045809501054276183,"pr_S2":0.015510042870062688,"i":1.2642230331342439,"psi":0.0079270532689343417},"psi":{"pr_I1":-0.0013112078596306989,"beta1":-3.4944783962448001e-5,"rep_ndss":0.00019064023912024523,"phase":5.4128349981492416e-5,"pr_I2":0.00094065513582875144,"pr_S":0.00023425148300771799,"pr_S1":-0.00090638009784528236,"R0":-0.00030075804770143252,"pr_S2":-0.0034699705219226407,"i":0.0079270532689343417,"psi":0.0011656174727301166}},"description":"covariance matrix"},{"name":"summary","data":{"id":1,"log_ltp":-2310.2787687817522,"AIC":4605.4821614912125,"AICc":4605.8738528858712,"n_parameters":11,"DIC":4604.3221261389826,"log_likelihood":-2291.7410807456063,"sum_squares":null,"n_data":686}}]}
