{
  "resources": [
    {
      "name": "values",
      "description": "initial values for the parameters",
      "data": {
        "i": 0.0028953193008819629,
        "pr_S1": 0.20446131081909646,
        "pr_S": 0.28609979845770062,
        "phase": -0.046080326766208865,
        "psi": 0.69876579833011387,
        "pr_I2": 7.1001239691954279,
        "R0": 2.5182046694561362,
        "beta1": 0.56148755939041028,
        "pr_I1": 16.112979615169575,
        "rep_ndss": 0.083410310759177403,
        "pr_S2": 0.10556324299456071
      }
    },
    {
      "name": "covariance",
      "description": "covariance matrix",
      "data": {
        "rep_ndss": {
          "rep_ndss": 0.00054401647489968645,
          "pr_I1": -0.0037087031665759924,
          "pr_I2": 0.00026869086781296296,
          "R0": -0.00013177842761519836,
          "psi": 0.0002092059463288395,
          "phase": -0.000016086728931977531,
          "pr_S": 0.00081662510666963522,
          "pr_S1": -0.00045496483965067313,
          "pr_S2": -0.0031073439312167806,
          "beta1": 0.00025186109035849698,
          "i": 0.0036413074778130325
        },
        "pr_I1": {
          "rep_ndss": -0.0037087031665759924,
          "pr_I1": 0.25573966648661178,
          "pr_I2": -0.018688921193508692,
          "R0": 0.0018231759491397961,
          "psi": -0.0043692255596875966,
          "phase": 0.00061028018967307417,
          "pr_S": 0.014427396915651871,
          "pr_S1": -0.010317142967058091,
          "pr_S2": -0.016889735387794251,
          "beta1": 0.0014932871542670183,
          "i": -0.25139271405924457
        },
        "pr_I2": {
          "rep_ndss": 0.00026869086781296296,
          "pr_I1": -0.018688921193508692,
          "pr_I2": 0.0083277475242138459,
          "R0": -0.00050803175704316214,
          "psi": 0.0013182713602056218,
          "phase": -0.000085144912069267832,
          "pr_S": -0.00057219196229190599,
          "pr_S1": -0.00032951094858224529,
          "pr_S2": -0.0015848731027438227,
          "beta1": -0.0017034412256255521,
          "i": 0.021828708387245883
        },
        "R0": {
          "rep_ndss": -0.00013177842761519836,
          "pr_I1": 0.0018231759491397961,
          "pr_I2": -0.00050803175704316214,
          "R0": 0.00021534491853756856,
          "psi": -0.00029341298493575075,
          "phase": -0.000014946247585487335,
          "pr_S": -0.0006361884297394016,
          "pr_S1": 0.000048019542838057581,
          "pr_S2": -0.00041520398082479058,
          "beta1": -0.000057676755277022525,
          "i": -0.0043303338673432081
        },
        "psi": {
          "rep_ndss": 0.0002092059463288395,
          "pr_I1": -0.0043692255596875966,
          "pr_I2": 0.0013182713602056218,
          "R0": -0.00029341298493575075,
          "psi": 0.0011883371572996135,
          "phase": 0.000016006851147950574,
          "pr_S": 0.00062318950182214895,
          "pr_S1": -0.0013410727763784327,
          "pr_S2": -0.0061580137949168003,
          "beta1": -0.000081936805649601051,
          "i": 0.0078335820312307441
        },
        "phase": {
          "rep_ndss": -0.000016086728931977531,
          "pr_I1": 0.00061028018967307417,
          "pr_I2": -0.000085144912069267832,
          "R0": -0.000014946247585487335,
          "psi": 0.000016006851147950574,
          "phase": 0.000096632548598062573,
          "pr_S": 0.00025344633137905408,
          "pr_S1": -0.00011378623255541432,
          "pr_S2": -0.000069357072321410356,
          "beta1": 0.00002135864188979126,
          "i": -0.0015208326747637203
        },
        "pr_S": {
          "rep_ndss": 0.00081662510666963522,
          "pr_I1": 0.014427396915651871,
          "pr_I2": -0.00057219196229190599,
          "R0": -0.0006361884297394016,
          "psi": 0.00062318950182214895,
          "phase": 0.00025344633137905408,
          "pr_S": 0.036034227797736955,
          "pr_S1": -0.026415337780643318,
          "pr_S2": -0.13729595485198795,
          "beta1": 0.00071905839606072237,
          "i": -0.071905538697005333
        },
        "pr_S1": {
          "rep_ndss": -0.00045496483965067313,
          "pr_I1": -0.010317142967058091,
          "pr_I2": -0.00032951094858224529,
          "R0": 0.000048019542838057581,
          "psi": -0.0013410727763784327,
          "phase": -0.00011378623255541432,
          "pr_S": -0.026415337780643318,
          "pr_S1": 0.023817797394106287,
          "pr_S2": 0.13142594812438499,
          "beta1": 0.00016404752615104971,
          "i": 0.060575875129023043
        },
        "pr_S2": {
          "rep_ndss": -0.0031073439312167806,
          "pr_I1": -0.016889735387794251,
          "pr_I2": -0.0015848731027438227,
          "R0": -0.00041520398082479058,
          "psi": -0.0061580137949168003,
          "phase": -0.000069357072321410356,
          "pr_S": -0.13729595485198795,
          "pr_S1": 0.13142594812438499,
          "pr_S2": 0.98170994461276417,
          "beta1": 0.0021531275897394603,
          "i": 0.12032159352099231
        },
        "beta1": {
          "rep_ndss": 0.00025186109035849698,
          "pr_I1": 0.0014932871542670183,
          "pr_I2": -0.0017034412256255521,
          "R0": -0.000057676755277022525,
          "psi": -0.000081936805649601051,
          "phase": 0.00002135864188979126,
          "pr_S": 0.00071905839606072237,
          "pr_S1": 0.00016404752615104971,
          "pr_S2": 0.0021531275897394603,
          "beta1": 0.0012703538818611135,
          "i": -0.0074737408012531623
        },
        "i": {
          "rep_ndss": 0.0036413074778130325,
          "pr_I1": -0.25139271405924457,
          "pr_I2": 0.021828708387245883,
          "R0": -0.0043303338673432081,
          "psi": 0.0078335820312307441,
          "phase": -0.0015208326747637203,
          "pr_S": -0.071905538697005333,
          "pr_S1": 0.060575875129023043,
          "pr_S2": 0.12032159352099231,
          "beta1": -0.0074737408012531623,
          "i": 1.5629067805229901
        }
      }
    },
    {
      "name": "summary",
      "data": {
        "DIC": 4603.603709311079,
        "id": 1,
        "log_likelihood": -2292.4447714969056,
        "AIC": 4606.8895429938111,
        "AICc": 4607.2812343884698,
        "n_parameters": 11,
        "log_ltp": -2311.0394126890428,
        "sum_squares": null,
        "n_data": 686
      }
    }
  ]
}