{"resources":[{"data":{"pr_I2":7.5829065506946849,"pr_I1":11.748141941492914,"i":0.013508959435296912,"rep_ndss":0.079833620610095385,"pr_S1":0.23365150655306235,"pr_S":0.27209048716165757,"beta1":0.54383494299918078,"phase":-0.046623859072766442,"psi":0.68135845808203555,"pr_S2":0.12603137257094868,"R0":2.5179445376188765},"name":"values","description":"initial values for the parameters"},{"data":{"pr_I1":{"pr_I1":0.086088263714369159,"i":-0.14721214202480262,"pr_I2":-0.0064504015150954903,"pr_S":-0.0011022743153442497,"beta1":-0.00084871449038151814,"rep_ndss":-0.0025015932468426898,"pr_S1":-0.0042315803169831094,"pr_S2":0.014847703476075589,"R0":0.0011848004240414499,"phase":0.00018740147525133941,"psi":-0.00010408512110110136},"i":{"pr_I1":-0.14721214202480262,"i":1.3536840610969996,"pr_I2":0.012598744587801951,"pr_S":-0.0634943830120661,"beta1":-0.005641627710850204,"rep_ndss":0.0039549957162021776,"pr_S1":0.052626124567429038,"pr_S2":0.081064838878218651,"R0":-0.0031001045031584327,"phase":-0.0013978586307666296,"psi":0.0049236326752608783},"pr_I2":{"pr_I1":-0.0064504015150954903,"i":0.012598744587801951,"pr_I2":0.0070264494707951647,"pr_S":8.0584874800313067e-5,"beta1":-0.0016521745277490181,"rep_ndss":5.1402165521534819e-5,"pr_S1":0.00013404359147446449,"pr_S2":0.0015045396999657957,"R0":-0.00044681510718071085,"phase":-2.9923434212202226e-5,"psi":0.00068364673314293589},"pr_S":{"pr_I1":-0.0011022743153442497,"i":-0.0634943830120661,"pr_I2":8.0584874800313067e-5,"pr_S":0.048170295548294703,"beta1":0.00012123149782854228,"rep_ndss":0.0011010658656496742,"pr_S1":-0.03381408189241332,"pr_S2":-0.16365459112924044,"R0":-0.00057388947331774758,"phase":0.00014901448094822446,"psi":7.7553847627871776e-5},"beta1":{"pr_I1":-0.00084871449038151814,"i":-0.005641627710850204,"pr_I2":-0.0016521745277490181,"pr_S":0.00012123149782854228,"beta1":0.0013224006205884231,"rep_ndss":0.00028676862943301739,"pr_S1":0.00036496661439508899,"pr_S2":0.0022490554469998883,"R0":1.4665825695654952e-5,"phase":-2.5613260656745144e-5,"psi":-8.6978256766168799e-5},"rep_ndss":{"pr_I1":-0.0025015932468426898,"i":0.0039549957162021776,"pr_I2":5.1402165521534819e-5,"pr_S":0.0011010658656496742,"beta1":0.00028676862943301739,"rep_ndss":0.00052035609753764314,"pr_S1":-0.0005938856224031717,"pr_S2":-0.0044325699979293033,"R0":-9.5142238439274447e-5,"phase":-2.801373984380672e-5,"psi":0.00011605603244818196},"pr_S1":{"pr_I1":-0.0042315803169831094,"i":0.052626124567429038,"pr_I2":0.00013404359147446449,"pr_S":-0.03381408189241332,"beta1":0.00036496661439508899,"rep_ndss":-0.0005938856224031717,"pr_S1":0.027557536561554883,"pr_S2":0.14041701834002288,"R0":1.2973626400166808e-5,"phase":-0.00013838780900301854,"psi":-0.00072467710867367072},"pr_S2":{"pr_I1":0.014847703476075589,"i":0.081064838878218651,"pr_I2":0.0015045396999657957,"pr_S":-0.16365459112924044,"beta1":0.0022490554469998883,"rep_ndss":-0.0044325699979293033,"pr_S1":0.14041701834002288,"pr_S2":0.92297846961400609,"R0":-0.00039252751223344879,"phase":-0.00027184864725319829,"psi":-0.003171591784456267},"R0":{"pr_I1":0.0011848004240414499,"i":-0.0031001045031584327,"pr_I2":-0.00044681510718071085,"pr_S":-0.00057388947331774758,"beta1":1.4665825695654952e-5,"rep_ndss":-9.5142238439274447e-5,"pr_S1":1.2973626400166808e-5,"pr_S2":-0.00039252751223344879,"R0":0.00020100379081670907,"phase":-6.0767742308367211e-6,"psi":-0.00024400892275309793},"phase":{"pr_I1":0.00018740147525133941,"i":-0.0013978586307666296,"pr_I2":-2.9923434212202226e-5,"pr_S":0.00014901448094822446,"beta1":-2.5613260656745144e-5,"rep_ndss":-2.801373984380672e-5,"pr_S1":-0.00013838780900301854,"pr_S2":-0.00027184864725319829,"R0":-6.0767742308367211e-6,"phase":9.5336459631339455e-5,"psi":3.3724206508332906e-5},"psi":{"pr_I1":-0.00010408512110110136,"i":0.0049236326752608783,"pr_I2":0.00068364673314293589,"pr_S":7.7553847627871776e-5,"beta1":-8.6978256766168799e-5,"rep_ndss":0.00011605603244818196,"pr_S1":-0.00072467710867367072,"pr_S2":-0.003171591784456267,"R0":-0.00024400892275309793,"phase":3.3724206508332906e-5,"psi":0.00093898491479046432}},"name":"covariance","description":"covariance matrix"},{"data":{"id":1,"n_data":686,"n_parameters":11,"AIC":4606.5402148655621,"AICc":4606.9319062602208,"DIC":4602.4830454930752,"log_likelihood":-2292.2701074327811,"log_ltp":-2310.6260199152862,"sum_squares":null},"name":"summary"}]}
