{"resources":[{"name":"values","description":"initial values for the parameters","data":{"R0":6.04526287410408,"beta1":0.0190474761184305,"rep_ndss":0.564563250169158,"psi":1.61824699980207,"i":4.52577652176842,"pr_S":0.39445587947265,"pr_S1":0.750260288082063,"pr_S2":0.106229329435155,"phase":0.299957220442593,"pr_I1":90.9876606427133,"pr_I2":12.3713886598125}},{"name":"covariance","description":"covariance matrix","data":{"R0":{"R0":0.604526287410408},"beta1":{"beta1":0.00190474761184305},"rep_ndss":{"rep_ndss":0.0564563250169158},"psi":{"psi":0.161824699980207},"i":{"i":0.452577652176842},"pr_S":{"pr_S":0.039445587947265},"pr_S1":{"pr_S1":0.0750260288082063},"pr_S2":{"pr_S2":0.0106229329435155},"phase":{"phase":0.0299957220442593},"pr_I1":{"pr_I1":9.09876606427133},"pr_I2":{"pr_I2":1.23713886598125}}}]}
