{"resources":[{"name":"values","data":{"phase":-0.041784627344748519,"pr_S2":0.10832210261089754,"beta1":0.56835917562653127,"pr_I2":6.0061412303307389,"pr_I1":19.138442394595284,"i":0.0027318543814413808,"pr_S1":0.20492715593507596,"R0":2.541875519772844,"rep_ndss":0.080726884404441687,"pr_S":0.28363347515396237,"psi":0.70522371392985694},"description":"initial values for the parameters"},{"name":"covariance","data":{"pr_I1":{"pr_I1":0.11573221295739924,"phase":0.0001727093156390393,"pr_S2":0.028010252167897938,"beta1":-0.00094674781029328793,"pr_I2":-0.0083039278562168223,"pr_S":-0.0011274852972314611,"pr_S1":-0.0049916511894389027,"i":-0.19395755717277668,"R0":0.0017914982731497507,"psi":-0.0013112078596306989,"rep_ndss":-0.0028806578543710739},"phase":{"pr_I1":0.0001727093156390393,"phase":9.9189035987957421e-5,"pr_S2":0.00031195334825601621,"beta1":-4.2823292117987378e-5,"pr_I2":8.2383103546543099e-5,"pr_S":5.2226720050299914e-5,"pr_S1":-3.5229626832201343e-5,"i":-0.00068961358535268727,"R0":-1.9332112010411665e-5,"psi":5.4128349981492416e-5,"rep_ndss":-2.182979026919579e-5},"pr_S2":{"pr_I1":0.028010252167897938,"phase":0.00031195334825601621,"pr_S2":0.49889677134897109,"beta1":0.00082248468146579304,"pr_I2":0.0035590628461647849,"pr_S":-0.11454053678843117,"pr_S1":0.098922442225225587,"i":0.015510042870062688,"R0":-0.0010467908957019908,"psi":-0.0034699705219226407,"rep_ndss":-0.0038288019631661746},"beta1":{"pr_I1":-0.00094674781029328793,"phase":-4.2823292117987378e-5,"pr_S2":0.00082248468146579304,"beta1":0.0013079703984421858,"pr_I2":-0.0016398553461785294,"pr_S":0.00047830033349370251,"pr_S1":0.00015357198541798904,"i":-0.0024702891051692779,"R0":-1.9401418899860549e-5,"psi":-3.4944783962448001e-5,"rep_ndss":0.00032749678772908214},"pr_I2":{"pr_I1":-0.0083039278562168223,"phase":8.2383103546543099e-5,"pr_S2":0.0035590628461647849,"beta1":-0.0016398553461785294,"pr_I2":0.0076927752855686952,"pr_S":-0.001762597501604683,"pr_S1":0.0012018397513305957,"i":0.016739452676661774,"R0":-0.00050288191454725818,"psi":0.00094065513582875144,"rep_ndss":4.1916890337669533e-5},"pr_S":{"pr_I1":-0.0011274852972314611,"phase":5.2226720050299914e-5,"pr_S2":-0.11454053678843117,"beta1":0.00047830033349370251,"pr_I2":-0.001762597501604683,"pr_S":0.041114414436590689,"pr_S1":-0.028437799236167984,"i":-0.04970386849151201,"R0":-0.00035560776490245623,"psi":0.00023425148300771799,"rep_ndss":0.00096797598265777952},"pr_S1":{"pr_I1":-0.0049916511894389027,"phase":-3.5229626832201343e-5,"pr_S2":0.098922442225225587,"beta1":0.00015357198541798904,"pr_I2":0.0012018397513305957,"pr_S":-0.028437799236167984,"pr_S1":0.023742135679405234,"i":0.043152717726103219,"R0":-0.00019578820300900234,"psi":-0.00090638009784528236,"rep_ndss":-0.00055736142365019504},"i":{"pr_I1":-0.19395755717277668,"phase":-0.00068961358535268727,"pr_S2":0.015510042870062688,"beta1":-0.0024702891051692779,"pr_I2":0.016739452676661774,"pr_S":-0.04970386849151201,"pr_S1":0.043152717726103219,"i":1.2642230331342439,"R0":-0.0045809501054276183,"psi":0.0079270532689343417,"rep_ndss":0.0065688686386994807},"R0":{"pr_I1":0.0017914982731497507,"phase":-1.9332112010411665e-5,"pr_S2":-0.0010467908957019908,"beta1":-1.9401418899860549e-5,"pr_I2":-0.00050288191454725818,"pr_S":-0.00035560776490245623,"pr_S1":-0.00019578820300900234,"i":-0.0045809501054276183,"R0":0.00022251837438559753,"psi":-0.00030075804770143252,"rep_ndss":-9.6597106944303318e-5},"psi":{"pr_I1":-0.0013112078596306989,"phase":5.4128349981492416e-5,"pr_S2":-0.0034699705219226407,"beta1":-3.4944783962448001e-5,"pr_I2":0.00094065513582875144,"pr_S":0.00023425148300771799,"pr_S1":-0.00090638009784528236,"i":0.0079270532689343417,"R0":-0.00030075804770143252,"psi":0.0011656174727301166,"rep_ndss":0.00019064023912024523},"rep_ndss":{"pr_I1":-0.0028806578543710739,"phase":-2.182979026919579e-5,"pr_S2":-0.0038288019631661746,"beta1":0.00032749678772908214,"pr_I2":4.1916890337669533e-5,"pr_S":0.00096797598265777952,"pr_S1":-0.00055736142365019504,"i":0.0065688686386994807,"R0":-9.6597106944303318e-5,"psi":0.00019064023912024523,"rep_ndss":0.00053922571083897259}},"description":"covariance matrix"},{"name":"summary","data":{"n_parameters":11,"id":1,"AIC":4606.2191276068215,"sum_squares":null,"AICc":4606.6108190014802,"DIC":4603.3485386347866,"log_likelihood":-2292.1095638034108,"log_ltp":-2310.9460899258761,"n_data":686}}]}
