{"resources":[{"name":"values","data":{"pr_I2":9.1678797729625732,"disp":0.57208036115915528,"phase":-0.048616131390345325,"pr_S":0.38023652220256132,"beta1":0.50981094748573375,"pr_S1":0.10481590268389934,"R0":2.3820810667108216,"pr_S2":0.017201361581594375,"rep_ndss":0.064499259367139475,"i":0.0076329848996302798,"psi":0.70864302835883952,"pr_I1":6.1282020115636273},"description":"initial values for the parameters"},{"name":"covariance","data":{"R0":{"R0":0.00060155647233275445,"pr_I1":0.0031764187681920407,"pr_I2":-0.0011577521799963689,"pr_S":-0.00113807530475671,"beta1":-1.5428404739832915e-5,"pr_S1":-0.0001300804014761099,"rep_ndss":-0.00016499829080773685,"pr_S2":-0.00029334406285189222,"psi":-0.0029358193028199055,"i":-0.010248738051051573,"disp":-0.00049922175989790783,"phase":-3.6312405298653092e-5},"pr_I1":{"R0":0.0031764187681920407,"pr_I1":0.12890253835577228,"pr_I2":-0.012092484508997607,"pr_S":-0.0029206190573437723,"beta1":-0.0018727256100875219,"pr_S1":-0.010683753457942037,"rep_ndss":-0.0027770882731498318,"pr_S2":0.0012634223143266538,"psi":-0.0033523862979292682,"i":-0.19296721828946853,"disp":-0.010656667992922444,"phase":0.00027868539731310194},"pr_I2":{"R0":-0.0011577521799963689,"pr_I1":-0.012092484508997607,"pr_I2":0.013092830616517295,"pr_S":3.4650370089503611e-6,"beta1":-0.0024482499487971047,"pr_S1":0.0026452717237466401,"rep_ndss":-0.00035510595119819886,"pr_S2":0.0045551001413453923,"psi":0.0047736815068108052,"i":0.024286748163134024,"disp":0.0041935080803776554,"phase":-1.6489799828446012e-5},"pr_S":{"R0":-0.00113807530475671,"pr_I1":-0.0029206190573437723,"pr_I2":3.4650370089503611e-6,"pr_S":0.028291941635856264,"beta1":0.00016506680330695842,"pr_S1":-0.043805584566890231,"rep_ndss":0.0017077667335359487,"pr_S2":-0.12240182594531548,"psi":0.0077774195505143796,"i":-0.053044422860273291,"disp":-0.00041330229639397338,"phase":0.0001947878444671407},"beta1":{"R0":-1.5428404739832915e-5,"pr_I1":-0.0018727256100875219,"pr_I2":-0.0024482499487971047,"pr_S":0.00016506680330695842,"beta1":0.0021175664434381252,"pr_S1":0.00092997437427228067,"rep_ndss":0.00090338338027059063,"pr_S2":0.0035437180441084187,"psi":-0.00029301874278386971,"i":-0.0057745165902104278,"disp":-0.002118191883206741,"phase":-7.1524130497133934e-5},"pr_S1":{"R0":-0.0001300804014761099,"pr_I1":-0.010683753457942037,"pr_I2":0.0026452717237466401,"pr_S":-0.043805584566890231,"beta1":0.00092997437427228067,"pr_S1":0.079534435824756222,"rep_ndss":-0.0021347988719366802,"pr_S2":0.23044166404116401,"psi":-0.0098598941628818045,"i":0.13814299816346962,"disp":0.0049503845875214798,"phase":-0.00024162859739929},"rep_ndss":{"R0":-0.00016499829080773685,"pr_I1":-0.0027770882731498318,"pr_I2":-0.00035510595119819886,"pr_S":0.0017077667335359487,"beta1":0.00090338338027059063,"pr_S1":-0.0021347988719366802,"rep_ndss":0.0018180104590350633,"pr_S2":-0.0064123734687731538,"psi":0.0011928981944240142,"i":-0.0047247089563430553,"disp":-0.0069820934755642963,"phase":-4.2234561494245463e-5},"pr_S2":{"R0":-0.00029334406285189222,"pr_I1":0.0012634223143266538,"pr_I2":0.0045551001413453923,"pr_S":-0.12240182594531548,"beta1":0.0035437180441084187,"pr_S1":0.23044166404116401,"rep_ndss":-0.0064123734687731538,"pr_S2":0.81267947520420347,"psi":-0.030514941611951764,"i":0.24739007459473714,"disp":0.012275517836080049,"phase":-0.0003280869573998134},"psi":{"R0":-0.0029358193028199055,"pr_I1":-0.0033523862979292682,"pr_I2":0.0047736815068108052,"pr_S":0.0077774195505143796,"beta1":-0.00029301874278386971,"pr_S1":-0.0098598941628818045,"rep_ndss":0.0011928981944240142,"pr_S2":-0.030514941611951764,"psi":0.029764349676143439,"i":0.016818018486367152,"disp":-0.0042957250956345708,"phase":0.00032257396599325375},"i":{"R0":-0.010248738051051573,"pr_I1":-0.19296721828946853,"pr_I2":0.024286748163134024,"pr_S":-0.053044422860273291,"beta1":-0.0057745165902104278,"pr_S1":0.13814299816346962,"rep_ndss":-0.0047247089563430553,"pr_S2":0.24739007459473714,"psi":0.016818018486367152,"i":3.5358341519877365,"disp":0.093863208316688179,"phase":-0.0001258694894899544},"disp":{"R0":-0.00049922175989790783,"pr_I1":-0.010656667992922444,"pr_I2":0.0041935080803776554,"pr_S":-0.00041330229639397338,"beta1":-0.002118191883206741,"pr_S1":0.0049503845875214798,"rep_ndss":-0.0069820934755642963,"pr_S2":0.012275517836080049,"psi":-0.0042957250956345708,"i":0.093863208316688179,"disp":0.070504114287954917,"phase":3.9923778395103362e-5},"phase":{"R0":-3.6312405298653092e-5,"pr_I1":0.00027868539731310194,"pr_I2":-1.6489799828446012e-5,"pr_S":0.0001947878444671407,"beta1":-7.1524130497133934e-5,"pr_S1":-0.00024162859739929,"rep_ndss":-4.2234561494245463e-5,"pr_S2":-0.0003280869573998134,"psi":0.00032257396599325375,"i":-0.0001258694894899544,"disp":3.9923778395103362e-5,"phase":0.0002157121440030619}},"description":"covariance matrix"},{"name":"summary","data":{"id":1,"AIC":4446.1853208469611,"AICc":4446.6368403838642,"log_ltp":-2224.271340080455,"DIC":4444.4263131180969,"log_likelihood":-2211.0926604234805,"sum_squares":null,"n_parameters":12,"n_data":704}}]}
