{
  "resources": [
    {
      "name": "values",
      "data": {
        "phase": -0.044167100203686027,
        "pr_S": 0.36071492250490866,
        "pr_S1": 0.11636899138711884,
        "R0": 2.4902584663166722,
        "beta1": 0.52973209865103221,
        "rep_ndss": 0.065907994008317664,
        "psi": 0.67002396588024482,
        "pr_I2": 8.2313528620905103,
        "i": 0.0000055770805990432385,
        "pr_I1": 11.910810163413279,
        "disp": 0.53897297534599309,
        "pr_S2": 0.02547372506258147
      },
      "description": "initial values for the parameters"
    },
    {
      "name": "covariance",
      "data": {
        "phase": {
          "phase": 0.0497698860242963
        },
        "pr_S": {
          "pr_S": 0.042530454229632801
        },
        "pr_S1": {
          "pr_S1": 0.022659723548684299
        },
        "R0": {
          "R0": 0.451518972404301
        },
        "beta1": {
          "beta1": 0.0161969054024667
        },
        "rep_ndss": {
          "rep_ndss": 0.075071356887929097
        },
        "psi": {
          "psi": 0.29121726147131999
        },
        "pr_I2": {
          "pr_I2": 6.5164627972990301
        },
        "i": {
          "i": 0.21356003312394001
        },
        "pr_I1": {
          "pr_I1": 7.5256570335477599
        },
        "disp": {
          "disp": 0.089262998942285801
        },
        "pr_S2": {
          "pr_S2": 0.0096605497593991504
        }
      },
      "description": "covariance matrix"
    },
    {
      "name": "summary",
      "data": {
        "id": 21026,
        "log_likelihood": null,
        "AIC": null,
        "AICc": null,
        "log_ltp": -2224.2713400804555,
        "DIC": null,
        "n_parameters": 12,
        "sum_squares": null,
        "n_data": 704
      }
    }
  ]
}