{
  "resources": [
    {
      "name": "values",
      "description": "initial values for the parameters",
      "data": {
        "i": 0.021357764963216872,
        "pr_S": 0.25858358238278406,
        "R0": 2.549530627739848,
        "beta1": 0.53956897145087923,
        "rep_ndss": 0.081477760483617351,
        "pr_S2": 0.11763748721783578,
        "phase": -0.050949577595104698,
        "psi": 0.71654704406474079,
        "pr_S1": 0.22396607059373458,
        "pr_I1": 0.49273080213222775,
        "pr_I2": 8.8702353516313064
      }
    },
    {
      "name": "covariance",
      "description": "covariance matrix",
      "data": {
        "i": {
          "i": 0.793938107788563
        },
        "pr_S": {
          "pr_S": 0.047661231815557398
        },
        "R0": {
          "R0": 0.12233469961211101
        },
        "beta1": {
          "beta1": 0.083164777490310399
        },
        "rep_ndss": {
          "rep_ndss": 0.054837890551425503
        },
        "pr_S2": {
          "pr_S2": 0.041325052108149997
        },
        "phase": {
          "phase": 0.029125851253047601
        },
        "psi": {
          "psi": 0.096046123327687402
        },
        "pr_S1": {
          "pr_S1": 0.0104835667670704
        },
        "pr_I1": {
          "pr_I1": 9.0585130825638807
        },
        "pr_I2": {
          "pr_I2": 9.4210246112197602
        }
      }
    },
    {
      "name": "summary",
      "data": {
        "id": 0,
        "AIC": null,
        "AICc": null,
        "DIC": null,
        "sum_squares": null,
        "n_parameters": 11,
        "log_likelihood": null,
        "log_ltp": -2333.5918089184515,
        "n_data": 686
      }
    }
  ]
}