{"resources":[{"data":{"pr_I1":11.448627563421248,"disp":0.86007077461417525,"rep_ndss":0.10867391570373774,"phase":-0.039040016606487642,"pr_S":0.51733556572539818,"pr_S1":0.18728994822071743,"R0":1.4570946225842747,"pr_I2":0.30167881957728887,"pr_S2":0.23755102183927296,"i":0.01038519466056117,"beta1":0.58415220545953861},"description":"initial values for the parameters","name":"values"},{"data":{"disp":{"disp":0.58336846017402066,"pr_I1":0.009186300953679262,"pr_I2":-0.04581216592310984,"pr_S1":0.0012916945854174323,"pr_S":0.0032661496194449826,"pr_S2":-0.0050934646046617935,"i":0.035915252456985597,"beta1":-0.0085729845766120572,"R0":-0.0011038355909216257,"rep_ndss":-0.02266273127444433,"phase":0.00027001751238537089},"pr_I1":{"disp":0.009186300953679262,"pr_I1":0.027908804000175588,"pr_I2":0.034818404796824111,"pr_S1":0.002846638118597073,"pr_S":0.0037587415987258223,"pr_S2":-0.0039789476217768349,"i":-0.015297621746163689,"beta1":-0.0014641978039881423,"R0":-0.0012604083745563271,"rep_ndss":0.0028963763444568458,"phase":0.0004906316538102278},"pr_I2":{"disp":-0.04581216592310984,"pr_I1":0.034818404796824111,"pr_I2":0.72410626574717152,"pr_S1":0.0078688626719999651,"pr_S":2.9334131488913908e-5,"pr_S2":-0.010435853927707484,"i":-0.3312201678599096,"beta1":-0.0010472809281822204,"R0":-0.001347920705567192,"rep_ndss":0.0084695037141141963,"phase":0.0029670744011493278},"pr_S1":{"disp":0.0012916945854174323,"pr_I1":0.002846638118597073,"pr_I2":0.0078688626719999651,"pr_S1":0.049149498546207898,"pr_S":-0.029414117370802687,"pr_S2":0.045273254931595244,"i":-0.0081621031795228276,"beta1":0.00023721651706716111,"R0":-0.00014842142775767805,"rep_ndss":0.00046297912400991218,"phase":-9.0783394383791847e-5},"pr_S":{"disp":0.0032661496194449826,"pr_I1":0.0037587415987258223,"pr_I2":2.9334131488913908e-5,"pr_S1":-0.029414117370802687,"pr_S":0.019909864431751426,"pr_S2":-0.029610329847742648,"i":0.0012959973483267267,"beta1":0.00017113715225244351,"R0":-0.00039458861527446638,"rep_ndss":0.00093533498923742127,"phase":0.00013084081670105402},"pr_S2":{"disp":-0.0050934646046617935,"pr_I1":-0.0039789476217768349,"pr_I2":-0.010435853927707484,"pr_S1":0.045273254931595244,"pr_S":-0.029610329847742648,"pr_S2":0.04561885091684742,"i":0.0089712079077569305,"beta1":0.00015171941028747723,"R0":0.00037111816244212977,"rep_ndss":-0.00069137054348357657,"phase":-0.00017040455060871558},"i":{"disp":0.035915252456985597,"pr_I1":-0.015297621746163689,"pr_I2":-0.3312201678599096,"pr_S1":-0.0081621031795228276,"pr_S":0.0012959973483267267,"pr_S2":0.0089712079077569305,"i":0.35931639927942555,"beta1":-0.0034981613505044337,"R0":0.00053293942987350969,"rep_ndss":-0.0079337305517939369,"phase":-0.0013861144153441902},"beta1":{"disp":-0.0085729845766120572,"pr_I1":-0.0014641978039881423,"pr_I2":-0.0010472809281822204,"pr_S1":0.00023721651706716111,"pr_S":0.00017113715225244351,"pr_S2":0.00015171941028747723,"i":-0.0034981613505044337,"beta1":0.002184623669045717,"R0":-9.0635177248320566e-6,"rep_ndss":0.0015367845233344058,"phase":-7.1268698223902872e-5},"R0":{"disp":-0.0011038355909216257,"pr_I1":-0.0012604083745563271,"pr_I2":-0.001347920705567192,"pr_S1":-0.00014842142775767805,"pr_S":-0.00039458861527446638,"pr_S2":0.00037111816244212977,"i":0.00053293942987350969,"beta1":-9.0635177248320566e-6,"R0":0.00011002311930111639,"rep_ndss":-0.00023546015175055271,"phase":-2.377451473640778e-5},"rep_ndss":{"disp":-0.02266273127444433,"pr_I1":0.0028963763444568458,"pr_I2":0.0084695037141141963,"pr_S1":0.00046297912400991218,"pr_S":0.00093533498923742127,"pr_S2":-0.00069137054348357657,"i":-0.0079337305517939369,"beta1":0.0015367845233344058,"R0":-0.00023546015175055271,"rep_ndss":0.0032653651142081964,"phase":4.4659534349926734e-5},"phase":{"disp":0.00027001751238537089,"pr_I1":0.0004906316538102278,"pr_I2":0.0029670744011493278,"pr_S1":-9.0783394383791847e-5,"pr_S":0.00013084081670105402,"pr_S2":-0.00017040455060871558,"i":-0.0013861144153441902,"beta1":-7.1268698223902872e-5,"R0":-2.377451473640778e-5,"rep_ndss":4.4659534349926734e-5,"phase":0.00019502371241849519}},"description":"covariance matrix","name":"covariance"},{"data":{"id":1,"AIC":4496.1917236787895,"sum_squares":null,"AICc":4496.573226568963,"DIC":4491.961396093503,"log_ltp":-2248.3522576229375,"log_likelihood":-2237.0958618393947,"n_parameters":11,"n_data":704},"name":"summary"}]}
