{"resources":[{"data":{"psi":0.69478687947944573,"pr_S1":0.11813159444500726,"disp":0.54678622465242555,"pr_I1":6.5794579932255735,"i":0.017059271612791454,"pr_I2":7.7373225298846737,"phase":-0.042750905830066722,"pr_S":0.36594699754389381,"pr_S2":0.019802748868244978,"beta1":0.5379157260137224,"R0":2.4468170364843358,"rep_ndss":0.069797373203972266},"name":"values","description":"initial values for the parameters"},{"data":{"pr_I1":{"pr_I1":0.14156970016187909,"i":-0.19130431240943321,"disp":-0.0044069745993149233,"pr_S1":-0.00015435787256150548,"rep_ndss":-0.0048022131654010519,"R0":0.0044069425678251997,"pr_I2":-0.012509688465399968,"pr_S":-0.011522691758208267,"pr_S2":0.034937368549884829,"beta1":-0.0019098665208777787,"phase":0.00021578479270529773,"psi":-0.0111351061608033},"i":{"pr_I1":-0.19130431240943321,"i":1.220155422210822,"disp":0.0097604203751540629,"pr_S1":0.055287334527801678,"rep_ndss":0.0072666806105855667,"R0":-0.0078777989222852205,"pr_I2":0.012109420728474086,"pr_S":-0.018106990839606037,"pr_S2":0.028422227861646689,"beta1":-0.00031596038809227588,"phase":-0.0014181389052586812,"psi":0.043857277449740391},"disp":{"pr_I1":-0.0044069745993149233,"i":0.0097604203751540629,"disp":0.076582430182223174,"pr_S1":-0.00092195756580902891,"rep_ndss":-0.0074417585582528221,"R0":-0.00066844621035386199,"pr_I2":0.0040268113673399483,"pr_S":0.0032992294875897766,"pr_S2":-0.0090431922350918941,"beta1":-0.0018703400403010813,"phase":-0.00021010637801712818,"psi":-0.0045364928405061062},"pr_S1":{"pr_I1":-0.00015435787256150548,"i":0.055287334527801678,"disp":-0.00092195756580902891,"pr_S1":0.089018293858828784,"rep_ndss":-0.0019232322779645205,"R0":-0.00032539402192659835,"pr_I2":0.0018849656727526814,"pr_S":-0.049948938811438075,"pr_S2":0.2403026603623549,"beta1":0.0013344622595668448,"phase":-0.00073173675114351076,"psi":-0.0090209508735836098},"rep_ndss":{"pr_I1":-0.0048022131654010519,"i":0.0072666806105855667,"disp":-0.0074417585582528221,"pr_S1":-0.0019232322779645205,"rep_ndss":0.0018931009699491904,"R0":-0.00023572213160667559,"pr_I2":-0.00031841144929647307,"pr_S":0.0017094321630111325,"pr_S2":-0.0061709769260364263,"beta1":0.00084212131199548938,"phase":6.7729288361792593e-6,"psi":0.0015831260829696455},"R0":{"pr_I1":0.0044069425678251997,"i":-0.0078777989222852205,"disp":-0.00066844621035386199,"pr_S1":-0.00032539402192659835,"rep_ndss":-0.00023572213160667559,"R0":0.00064678870402815199,"pr_I2":-0.0012190972503666891,"pr_S":-0.0010929389800530935,"pr_S2":-0.00067273099945214818,"beta1":-9.367752796177615e-5,"phase":-1.0603519039024303e-5,"psi":-0.0032215238358886326},"pr_I2":{"pr_I1":-0.012509688465399968,"i":0.012109420728474086,"disp":0.0040268113673399483,"pr_S1":0.0018849656727526814,"rep_ndss":-0.00031841144929647307,"R0":-0.0012190972503666891,"pr_I2":0.013880498163359073,"pr_S":0.00061881160638145279,"pr_S2":0.00092144038151847115,"beta1":-0.0025096973492843679,"phase":-9.9481680075679733e-6,"psi":0.0046754720414717548},"pr_S":{"pr_I1":-0.011522691758208267,"i":-0.018106990839606037,"disp":0.0032992294875897766,"pr_S1":-0.049948938811438075,"rep_ndss":0.0017094321630111325,"R0":-0.0010929389800530935,"pr_I2":0.00061881160638145279,"pr_S":0.032549575785519841,"pr_S2":-0.13124154877868255,"beta1":1.9750322511569994e-5,"phase":0.00044225304898871302,"psi":0.0073396988710194757},"pr_S2":{"pr_I1":0.034937368549884829,"i":0.028422227861646689,"disp":-0.0090431922350918941,"pr_S1":0.2403026603623549,"rep_ndss":-0.0061709769260364263,"R0":-0.00067273099945214818,"pr_I2":0.00092144038151847115,"pr_S":-0.13124154877868255,"pr_S2":0.74521945935365441,"beta1":0.0036910246147248216,"phase":-0.0015566118386130463,"psi":-0.025193461604622228},"beta1":{"pr_I1":-0.0019098665208777787,"i":-0.00031596038809227588,"disp":-0.0018703400403010813,"pr_S1":0.0013344622595668448,"rep_ndss":0.00084212131199548938,"R0":-9.367752796177615e-5,"pr_I2":-0.0025096973492843679,"pr_S":1.9750322511569994e-5,"pr_S2":0.0036910246147248216,"beta1":0.0021802407144573704,"phase":-8.9464546949548826e-5,"psi":-0.00014268645789711147},"phase":{"pr_I1":0.00021578479270529773,"i":-0.0014181389052586812,"disp":-0.00021010637801712818,"pr_S1":-0.00073173675114351076,"rep_ndss":6.7729288361792593e-6,"R0":-1.0603519039024303e-5,"pr_I2":-9.9481680075679733e-6,"pr_S":0.00044225304898871302,"pr_S2":-0.0015566118386130463,"beta1":-8.9464546949548826e-5,"phase":0.00022631485961835474,"psi":0.00027409028819937772},"psi":{"pr_I1":-0.0111351061608033,"i":0.043857277449740391,"disp":-0.0045364928405061062,"pr_S1":-0.0090209508735836098,"rep_ndss":0.0015831260829696455,"R0":-0.0032215238358886326,"pr_I2":0.0046754720414717548,"pr_S":0.0073396988710194757,"pr_S2":-0.025193461604622228,"beta1":-0.00014268645789711147,"phase":0.00027409028819937772,"psi":0.033101186116088518}},"name":"covariance","description":"covariance matrix"},{"data":{"n_data":704,"id":1,"n_parameters":12,"log_ltp":-2224.9329404563941,"AIC":4446.1456693670671,"AICc":4446.5971889039702,"DIC":4445.6258335245884,"sum_squares":null,"log_likelihood":-2211.0728346835335},"name":"summary"}]}
