{
  "resources": [
    {
      "name": "values",
      "description": "initial values for the parameters",
      "data": {
        "phase": -0.042687344292983556,
        "R0": 1.4517497304618616,
        "pr_S": 0.56229701465780613,
        "beta1": 0.56895164166495016,
        "rep_ndss": 0.10767114477610899,
        "pr_S1": 0.14232937957564115,
        "pr_S2": 0.19142567022529339,
        "i": 0.012842695768863811,
        "disp": 0.81498204991354928,
        "pr_I1": 9.3703677267351928,
        "pr_I2": 0.30664581355732851
      }
    },
    {
      "name": "covariance",
      "description": "covariance matrix",
      "data": {
        "phase": {
          "phase": 0.0114295371575281
        },
        "R0": {
          "R0": 1.5700984857976401
        },
        "pr_S": {
          "pr_S": 0.040600531591188399
        },
        "beta1": {
          "beta1": 0.0127681974787265
        },
        "rep_ndss": {
          "rep_ndss": 0.047418289980851097
        },
        "pr_S1": {
          "pr_S1": 0.027977902240818399
        },
        "pr_S2": {
          "pr_S2": 0.037443584740394699
        },
        "i": {
          "i": 0.54611948924139098
        },
        "disp": {
          "disp": 0.0204359574941918
        },
        "pr_I1": {
          "pr_I1": 5.6170659698545897
        },
        "pr_I2": {
          "pr_I2": 4.9836301500909004
        }
      }
    },
    {
      "name": "summary",
      "data": {
        "sum_squares": null,
        "id": 56366,
        "DIC": null,
        "AIC": null,
        "log_likelihood": null,
        "AICc": null,
        "log_ltp": -2251.2224986324272,
        "n_parameters": 11,
        "n_data": 704
      }
    }
  ]
}