{
  "resources": [
    {
      "name": "values",
      "description": "initial values for the parameters",
      "data": {
        "R0": 2.1598952837016703,
        "beta1": 0.56892147905647117,
        "rep_ndss": 0.089184641321613661,
        "i": 0.0039104895119774627,
        "pr_S": 0.32093729132825233,
        "pr_I1": 19.93472675791239,
        "phase": -0.038655944912815432,
        "pr_I2": 6.0260114577687158,
        "pr_S1": 0.17063391261098865,
        "pr_S2": 0.10975031134349458
      }
    },
    {
      "name": "covariance",
      "description": "covariance matrix",
      "data": {
        "R0": {
          "R0": 1.4340706425719001
        },
        "beta1": {
          "beta1": 0.088428572309203493
        },
        "rep_ndss": {
          "rep_ndss": 0.045608150772750398
        },
        "i": {
          "i": 0.16498089954257
        },
        "pr_S": {
          "pr_S": 0.0434717912142372
        },
        "pr_I1": {
          "pr_I1": 7.3277449607849103
        },
        "phase": {
          "phase": 0.043751628906466097
        },
        "pr_I2": {
          "pr_I2": 2.8068268322385799
        },
        "pr_S1": {
          "pr_S1": 0.078880263187456903
        },
        "pr_S2": {
          "pr_S2": 0.017803616393357501
        }
      }
    },
    {
      "name": "summary",
      "data": {
        "sum_squares": null,
        "id": 0,
        "n_data": 686,
        "AIC": null,
        "n_parameters": 10,
        "DIC": null,
        "log_ltp": -2415.0239712015191,
        "AICc": null,
        "log_likelihood": null
      }
    }
  ]
}