{"resources":[{"name":"values","description":"initial values for the parameters","data":{"R0":14.340706425719,"beta1":0.884285723092034,"rep_ndss":0.456081507727504,"i":1.6498089954257,"pr_S":0.434717912142372,"pr_S1":0.788802631874569,"pr_S2":0.178036163933575,"phase":-0.437516289064661,"pr_I1":73.2774496078491,"pr_I2":28.0682683223858}},{"name":"covariance","description":"covariance matrix","data":{"R0":{"R0":1.4340706425719},"beta1":{"beta1":0.0884285723092035},"rep_ndss":{"rep_ndss":0.0456081507727504},"i":{"i":0.16498089954257},"pr_S":{"pr_S":0.0434717912142372},"pr_S1":{"pr_S1":0.0788802631874569},"pr_S2":{"pr_S2":0.0178036163933575},"phase":{"phase":0.0437516289064661},"pr_I1":{"pr_I1":7.32774496078491},"pr_I2":{"pr_I2":2.80682683223858}}}]}
