{
  "resources": [
    {
      "name": "values",
      "data": {
        "pr_S1": 0.1948136548289886,
        "pr_S2": 0.10078947589154152,
        "i": 0.043687715673498211,
        "pr_I2": 4.7697784989677157,
        "pr_S": 0.33466549429821929,
        "rep_ndss": 0.096281899733897697,
        "R0": 2.0643234958906818,
        "phase": -0.038985733112295189,
        "pr_I1": 4.828401609678969,
        "beta1": 0.57769942825399345
      },
      "description": "initial values for the parameters"
    },
    {
      "name": "covariance",
      "data": {
        "beta1": {
          "beta1": 0.0012785119199324937,
          "pr_I1": -0.0062946254576087077,
          "i": -0.00071561033395298667,
          "pr_I2": -0.001358227003414541,
          "pr_S": 0.00046813473725725241,
          "pr_S1": 0.000181471381816861,
          "pr_S2": -0.0011314482520683915,
          "R0": -0.000047705870233932839,
          "phase": -0.000045966679147898835,
          "rep_ndss": 0.000448991413974393
        },
        "pr_I1": {
          "beta1": -0.0062946254576087077,
          "pr_I1": 1.0181523311793594,
          "i": -0.18153200057416863,
          "pr_I2": 0.0064189927728622326,
          "pr_S": -0.0033498726239538342,
          "pr_S1": -0.040047789141687211,
          "pr_S2": -0.080613212083815042,
          "R0": 0.0059304442055733587,
          "phase": 0.0012929752030571664,
          "rep_ndss": -0.010546600749501797
        },
        "i": {
          "beta1": -0.00071561033395298667,
          "pr_I1": -0.18153200057416863,
          "i": 0.13088069724537041,
          "pr_I2": 0.00027430090980460654,
          "pr_S": -0.0088699696934435007,
          "pr_S1": 0.018123856366207829,
          "pr_S2": 0.0040667603273575872,
          "R0": -0.00081317600672401618,
          "phase": -0.00039253924241822261,
          "rep_ndss": 0.0011113129966684059
        },
        "pr_I2": {
          "beta1": -0.001358227003414541,
          "pr_I1": 0.0064189927728622326,
          "i": 0.00027430090980460654,
          "pr_I2": 0.0074857753065632141,
          "pr_S": -0.00024888038039915493,
          "pr_S1": -0.0018733896714681409,
          "pr_S2": -0.0071203213653631163,
          "R0": 0.00012475272934451447,
          "phase": 0.000048215066080834318,
          "rep_ndss": -0.00039120983695530021
        },
        "pr_S": {
          "beta1": 0.00046813473725725241,
          "pr_I1": -0.0033498726239538342,
          "i": -0.0088699696934435007,
          "pr_I2": -0.00024888038039915493,
          "pr_S": 0.025729925963888185,
          "pr_S1": -0.022063050097022342,
          "pr_S2": -0.13309545107809334,
          "R0": -0.0006065858872175622,
          "phase": -0.00016501786218397981,
          "rep_ndss": 0.00060548778819521682
        },
        "pr_S1": {
          "beta1": 0.000181471381816861,
          "pr_I1": -0.040047789141687211,
          "i": 0.018123856366207829,
          "pr_I2": -0.0018733896714681409,
          "pr_S": -0.022063050097022342,
          "pr_S1": 0.025457214551762513,
          "pr_S2": 0.1535485498549119,
          "R0": -0.00037205508599365527,
          "phase": 0.000013733468028654634,
          "rep_ndss": 0.00053608234705803347
        },
        "pr_S2": {
          "beta1": -0.0011314482520683915,
          "pr_I1": -0.080613212083815042,
          "i": 0.0040667603273575872,
          "pr_I2": -0.0071203213653631163,
          "pr_S": -0.13309545107809334,
          "pr_S1": 0.1535485498549119,
          "pr_S2": 1.4115260281021995,
          "R0": -0.002200401882409068,
          "phase": 0.00056962072537378216,
          "rep_ndss": 0.0017086068836837877
        },
        "R0": {
          "beta1": -0.000047705870233932839,
          "pr_I1": 0.0059304442055733587,
          "i": -0.00081317600672401618,
          "pr_I2": 0.00012475272934451447,
          "pr_S": -0.0006065858872175622,
          "pr_S1": -0.00037205508599365527,
          "pr_S2": -0.002200401882409068,
          "R0": 0.00016934633156849571,
          "phase": 0.000014795500648961995,
          "rep_ndss": -0.0001631562622266364
        },
        "phase": {
          "beta1": -0.000045966679147898835,
          "pr_I1": 0.0012929752030571664,
          "i": -0.00039253924241822261,
          "pr_I2": 0.000048215066080834318,
          "pr_S": -0.00016501786218397981,
          "pr_S1": 0.000013733468028654634,
          "pr_S2": 0.00056962072537378216,
          "R0": 0.000014795500648961995,
          "phase": 0.000092081775905295649,
          "rep_ndss": -0.000041744283403291495
        },
        "rep_ndss": {
          "beta1": 0.000448991413974393,
          "pr_I1": -0.010546600749501797,
          "i": 0.0011113129966684059,
          "pr_I2": -0.00039120983695530021,
          "pr_S": 0.00060548778819521682,
          "pr_S1": 0.00053608234705803347,
          "pr_S2": 0.0017086068836837877,
          "R0": -0.0001631562622266364,
          "phase": -0.000041744283403291495,
          "rep_ndss": 0.0007000158657957205
        }
      },
      "description": "covariance matrix"
    },
    {
      "name": "summary",
      "data": {
        "DIC": 4799.9758287383829,
        "id": 1,
        "AIC": 4803.4395940851518,
        "AICc": 4803.7655200110776,
        "log_likelihood": -2391.7197970425759,
        "log_ltp": -2406.2090704917277,
        "sum_squares": null,
        "n_parameters": 10,
        "n_data": 686
      }
    }
  ]
}