{"resources":[{"data":{"phase":-0.044650234102314473,"pr_S1":0.21977440060445516,"R0":1.4446784618534048,"pr_I1":7.4973031665800765,"pr_I2":0.010160811186826617,"pr_S":0.48819916469128144,"i":0.023213983793581527,"disp":0.99883440046358263,"beta1":0.57311869965537676,"pr_S2":0.27646044162279648,"rep_ndss":0.10498892176260734},"description":"initial values for the parameters","name":"values"},{"data":{"pr_I1":{"pr_I1":0.027908804000175588,"pr_I2":0.034818404796824111,"pr_S":0.0037587415987258223,"pr_S1":0.002846638118597073,"R0":-0.0012604083745563271,"pr_S2":-0.0039789476217768349,"beta1":-0.0014641978039881423,"disp":0.009186300953679262,"i":-0.015297621746163689,"phase":0.0004906316538102278,"rep_ndss":0.0028963763444568458},"pr_I2":{"pr_I1":0.034818404796824111,"pr_I2":0.72410626574717152,"pr_S":2.9334131488913908e-5,"pr_S1":0.0078688626719999651,"R0":-0.001347920705567192,"pr_S2":-0.010435853927707484,"beta1":-0.0010472809281822204,"disp":-0.04581216592310984,"i":-0.3312201678599096,"phase":0.0029670744011493278,"rep_ndss":0.0084695037141141963},"pr_S":{"pr_I1":0.0037587415987258223,"pr_I2":2.9334131488913908e-5,"pr_S":0.019909864431751426,"pr_S1":-0.029414117370802687,"R0":-0.00039458861527446638,"pr_S2":-0.029610329847742648,"beta1":0.00017113715225244351,"disp":0.0032661496194449826,"i":0.0012959973483267267,"phase":0.00013084081670105402,"rep_ndss":0.00093533498923742127},"pr_S1":{"pr_I1":0.002846638118597073,"pr_I2":0.0078688626719999651,"pr_S":-0.029414117370802687,"pr_S1":0.049149498546207898,"R0":-0.00014842142775767805,"pr_S2":0.045273254931595244,"beta1":0.00023721651706716111,"disp":0.0012916945854174323,"i":-0.0081621031795228276,"phase":-9.0783394383791847e-5,"rep_ndss":0.00046297912400991218},"R0":{"pr_I1":-0.0012604083745563271,"pr_I2":-0.001347920705567192,"pr_S":-0.00039458861527446638,"pr_S1":-0.00014842142775767805,"R0":0.00011002311930111639,"pr_S2":0.00037111816244212977,"beta1":-9.0635177248320566e-6,"disp":-0.0011038355909216257,"i":0.00053293942987350969,"phase":-2.377451473640778e-5,"rep_ndss":-0.00023546015175055271},"pr_S2":{"pr_I1":-0.0039789476217768349,"pr_I2":-0.010435853927707484,"pr_S":-0.029610329847742648,"pr_S1":0.045273254931595244,"R0":0.00037111816244212977,"pr_S2":0.04561885091684742,"beta1":0.00015171941028747723,"disp":-0.0050934646046617935,"i":0.0089712079077569305,"phase":-0.00017040455060871558,"rep_ndss":-0.00069137054348357657},"beta1":{"pr_I1":-0.0014641978039881423,"pr_I2":-0.0010472809281822204,"pr_S":0.00017113715225244351,"pr_S1":0.00023721651706716111,"R0":-9.0635177248320566e-6,"pr_S2":0.00015171941028747723,"beta1":0.002184623669045717,"disp":-0.0085729845766120572,"i":-0.0034981613505044337,"phase":-7.1268698223902872e-5,"rep_ndss":0.0015367845233344058},"disp":{"pr_I1":0.009186300953679262,"pr_I2":-0.04581216592310984,"pr_S":0.0032661496194449826,"pr_S1":0.0012916945854174323,"R0":-0.0011038355909216257,"pr_S2":-0.0050934646046617935,"beta1":-0.0085729845766120572,"disp":0.58336846017402066,"i":0.035915252456985597,"phase":0.00027001751238537089,"rep_ndss":-0.02266273127444433},"i":{"pr_I1":-0.015297621746163689,"pr_I2":-0.3312201678599096,"pr_S":0.0012959973483267267,"pr_S1":-0.0081621031795228276,"R0":0.00053293942987350969,"pr_S2":0.0089712079077569305,"beta1":-0.0034981613505044337,"disp":0.035915252456985597,"i":0.35931639927942555,"phase":-0.0013861144153441902,"rep_ndss":-0.0079337305517939369},"phase":{"pr_I1":0.0004906316538102278,"pr_I2":0.0029670744011493278,"pr_S":0.00013084081670105402,"pr_S1":-9.0783394383791847e-5,"R0":-2.377451473640778e-5,"pr_S2":-0.00017040455060871558,"beta1":-7.1268698223902872e-5,"disp":0.00027001751238537089,"i":-0.0013861144153441902,"phase":0.00019502371241849519,"rep_ndss":4.4659534349926734e-5},"rep_ndss":{"pr_I1":0.0028963763444568458,"pr_I2":0.0084695037141141963,"pr_S":0.00093533498923742127,"pr_S1":0.00046297912400991218,"R0":-0.00023546015175055271,"pr_S2":-0.00069137054348357657,"beta1":0.0015367845233344058,"disp":-0.02266273127444433,"i":-0.0079337305517939369,"phase":4.4659534349926734e-5,"rep_ndss":0.0032653651142081964}},"description":"covariance matrix","name":"covariance"},{"data":{"id":1,"AIC":4496.1441118206758,"AICc":4496.5256147108494,"DIC":4491.1430849055932,"log_ltp":-2248.1827297340151,"n_parameters":11,"log_likelihood":-2237.0720559103379,"sum_squares":null,"n_data":704},"name":"summary"}]}
