{
  "resources": [
    {
      "name": "values",
      "data": {
        "pr_S1": 0.22280885264107159,
        "pr_S": 0.30273542007239163,
        "i": 0.053687698832648831,
        "rep_ndss": 0.096853370728646165,
        "phase": -0.042369664011486181,
        "R0": 2.0702574098762474,
        "pr_I1": 1.9533742678037367,
        "pr_S2": 0.12633164975811711,
        "beta1": 0.5768382556890671,
        "pr_I2": 5.0094173918667364
      },
      "description": "initial values for the parameters"
    },
    {
      "name": "covariance",
      "data": {
        "pr_I1": {
          "pr_I1": 1.0181523311793594,
          "pr_S2": -0.080613212083815042,
          "R0": 0.0059304442055733587,
          "pr_I2": 0.0064189927728622326,
          "i": -0.18153200057416863,
          "pr_S": -0.0033498726239538342,
          "pr_S1": -0.040047789141687211,
          "beta1": -0.0062946254576087077,
          "phase": 0.0012929752030571664,
          "rep_ndss": -0.010546600749501797
        },
        "pr_S2": {
          "pr_I1": -0.080613212083815042,
          "pr_S2": 1.4115260281021995,
          "R0": -0.002200401882409068,
          "pr_I2": -0.0071203213653631163,
          "i": 0.0040667603273575872,
          "pr_S": -0.13309545107809334,
          "pr_S1": 0.1535485498549119,
          "beta1": -0.0011314482520683915,
          "phase": 0.00056962072537378216,
          "rep_ndss": 0.0017086068836837877
        },
        "R0": {
          "pr_I1": 0.0059304442055733587,
          "pr_S2": -0.002200401882409068,
          "R0": 0.00016934633156849571,
          "pr_I2": 0.00012475272934451447,
          "i": -0.00081317600672401618,
          "pr_S": -0.0006065858872175622,
          "pr_S1": -0.00037205508599365527,
          "beta1": -0.000047705870233932839,
          "phase": 0.000014795500648961995,
          "rep_ndss": -0.0001631562622266364
        },
        "pr_I2": {
          "pr_I1": 0.0064189927728622326,
          "pr_S2": -0.0071203213653631163,
          "R0": 0.00012475272934451447,
          "pr_I2": 0.0074857753065632141,
          "i": 0.00027430090980460654,
          "pr_S": -0.00024888038039915493,
          "pr_S1": -0.0018733896714681409,
          "beta1": -0.001358227003414541,
          "phase": 0.000048215066080834318,
          "rep_ndss": -0.00039120983695530021
        },
        "i": {
          "pr_I1": -0.18153200057416863,
          "pr_S2": 0.0040667603273575872,
          "R0": -0.00081317600672401618,
          "pr_I2": 0.00027430090980460654,
          "i": 0.13088069724537041,
          "pr_S": -0.0088699696934435007,
          "pr_S1": 0.018123856366207829,
          "beta1": -0.00071561033395298667,
          "phase": -0.00039253924241822261,
          "rep_ndss": 0.0011113129966684059
        },
        "pr_S": {
          "pr_I1": -0.0033498726239538342,
          "pr_S2": -0.13309545107809334,
          "R0": -0.0006065858872175622,
          "pr_I2": -0.00024888038039915493,
          "i": -0.0088699696934435007,
          "pr_S": 0.025729925963888185,
          "pr_S1": -0.022063050097022342,
          "beta1": 0.00046813473725725241,
          "phase": -0.00016501786218397981,
          "rep_ndss": 0.00060548778819521682
        },
        "pr_S1": {
          "pr_I1": -0.040047789141687211,
          "pr_S2": 0.1535485498549119,
          "R0": -0.00037205508599365527,
          "pr_I2": -0.0018733896714681409,
          "i": 0.018123856366207829,
          "pr_S": -0.022063050097022342,
          "pr_S1": 0.025457214551762513,
          "beta1": 0.000181471381816861,
          "phase": 0.000013733468028654634,
          "rep_ndss": 0.00053608234705803347
        },
        "beta1": {
          "pr_I1": -0.0062946254576087077,
          "pr_S2": -0.0011314482520683915,
          "R0": -0.000047705870233932839,
          "pr_I2": -0.001358227003414541,
          "i": -0.00071561033395298667,
          "pr_S": 0.00046813473725725241,
          "pr_S1": 0.000181471381816861,
          "beta1": 0.0012785119199324937,
          "phase": -0.000045966679147898835,
          "rep_ndss": 0.000448991413974393
        },
        "phase": {
          "pr_I1": 0.0012929752030571664,
          "pr_S2": 0.00056962072537378216,
          "R0": 0.000014795500648961995,
          "pr_I2": 0.000048215066080834318,
          "i": -0.00039253924241822261,
          "pr_S": -0.00016501786218397981,
          "pr_S1": 0.000013733468028654634,
          "beta1": -0.000045966679147898835,
          "phase": 0.000092081775905295649,
          "rep_ndss": -0.000041744283403291495
        },
        "rep_ndss": {
          "pr_I1": -0.010546600749501797,
          "pr_S2": 0.0017086068836837877,
          "R0": -0.0001631562622266364,
          "pr_I2": -0.00039120983695530021,
          "i": 0.0011113129966684059,
          "pr_S": 0.00060548778819521682,
          "pr_S1": 0.00053608234705803347,
          "beta1": 0.000448991413974393,
          "phase": -0.000041744283403291495,
          "rep_ndss": 0.0007000158657957205
        }
      },
      "description": "covariance matrix"
    },
    {
      "name": "summary",
      "data": {
        "id": 1,
        "AIC": 4803.1520673363648,
        "DIC": 4801.6695937489385,
        "AICc": 4803.4779932622905,
        "log_likelihood": -2391.5760336681824,
        "sum_squares": null,
        "log_ltp": -2406.0384670447711,
        "n_parameters": 10,
        "n_data": 686
      }
    }
  ]
}