{"resources":[{"name":"values","data":{"pr_S1":0.2150631422845484,"i":0.0636722559155459,"rep_ndss":0.098442914795686592,"pr_I1":0.25114966661203542,"R0":2.028619960260833,"pr_S":0.32531747358670288,"pr_S2":0.11563855834027022,"beta1":0.58182499158090761,"phase":-0.047687947566236899,"pr_I2":5.022867101374545},"description":"initial values for the parameters"},{"name":"covariance","data":{"pr_S1":{"pr_S1":0.025457214551762513,"i":0.018123856366207829,"rep_ndss":0.00053608234705803347,"pr_I1":-0.040047789141687211,"pr_I2":-0.0018733896714681409,"pr_S":-0.022063050097022342,"pr_S2":0.1535485498549119,"beta1":0.000181471381816861,"R0":-0.00037205508599365527,"phase":1.3733468028654634e-5},"i":{"pr_S1":0.018123856366207829,"i":0.13088069724537041,"rep_ndss":0.0011113129966684059,"pr_I1":-0.18153200057416863,"pr_I2":0.00027430090980460654,"pr_S":-0.0088699696934435007,"pr_S2":0.0040667603273575872,"beta1":-0.00071561033395298667,"R0":-0.00081317600672401618,"phase":-0.00039253924241822261},"rep_ndss":{"pr_S1":0.00053608234705803347,"i":0.0011113129966684059,"rep_ndss":0.0007000158657957205,"pr_I1":-0.010546600749501797,"pr_I2":-0.00039120983695530021,"pr_S":0.00060548778819521682,"pr_S2":0.0017086068836837877,"beta1":0.000448991413974393,"R0":-0.0001631562622266364,"phase":-4.1744283403291495e-5},"pr_I1":{"pr_S1":-0.040047789141687211,"i":-0.18153200057416863,"rep_ndss":-0.010546600749501797,"pr_I1":1.0181523311793594,"pr_I2":0.0064189927728622326,"pr_S":-0.0033498726239538342,"pr_S2":-0.080613212083815042,"beta1":-0.0062946254576087077,"R0":0.0059304442055733587,"phase":0.0012929752030571664},"pr_I2":{"pr_S1":-0.0018733896714681409,"i":0.00027430090980460654,"rep_ndss":-0.00039120983695530021,"pr_I1":0.0064189927728622326,"pr_I2":0.0074857753065632141,"pr_S":-0.00024888038039915493,"pr_S2":-0.0071203213653631163,"beta1":-0.001358227003414541,"R0":0.00012475272934451447,"phase":4.8215066080834318e-5},"pr_S":{"pr_S1":-0.022063050097022342,"i":-0.0088699696934435007,"rep_ndss":0.00060548778819521682,"pr_I1":-0.0033498726239538342,"pr_I2":-0.00024888038039915493,"pr_S":0.025729925963888185,"pr_S2":-0.13309545107809334,"beta1":0.00046813473725725241,"R0":-0.0006065858872175622,"phase":-0.00016501786218397981},"pr_S2":{"pr_S1":0.1535485498549119,"i":0.0040667603273575872,"rep_ndss":0.0017086068836837877,"pr_I1":-0.080613212083815042,"pr_I2":-0.0071203213653631163,"pr_S":-0.13309545107809334,"pr_S2":1.4115260281021995,"beta1":-0.0011314482520683915,"R0":-0.002200401882409068,"phase":0.00056962072537378216},"beta1":{"pr_S1":0.000181471381816861,"i":-0.00071561033395298667,"rep_ndss":0.000448991413974393,"pr_I1":-0.0062946254576087077,"pr_I2":-0.001358227003414541,"pr_S":0.00046813473725725241,"pr_S2":-0.0011314482520683915,"beta1":0.0012785119199324937,"R0":-4.7705870233932839e-5,"phase":-4.5966679147898835e-5},"R0":{"pr_S1":-0.00037205508599365527,"i":-0.00081317600672401618,"rep_ndss":-0.0001631562622266364,"pr_I1":0.0059304442055733587,"pr_I2":0.00012475272934451447,"pr_S":-0.0006065858872175622,"pr_S2":-0.002200401882409068,"beta1":-4.7705870233932839e-5,"R0":0.00016934633156849571,"phase":1.4795500648961995e-5},"phase":{"pr_S1":1.3733468028654634e-5,"i":-0.00039253924241822261,"rep_ndss":-4.1744283403291495e-5,"pr_I1":0.0012929752030571664,"pr_I2":4.8215066080834318e-5,"pr_S":-0.00016501786218397981,"pr_S2":0.00056962072537378216,"beta1":-4.5966679147898835e-5,"R0":1.4795500648961995e-5,"phase":9.2081775905295649e-5}},"description":"covariance matrix"},{"name":"summary","data":{"n_data":686,"id":1,"AIC":4803.9828444674749,"AICc":4804.3087703934007,"log_likelihood":-2391.9914222337375,"sum_squares":null,"DIC":4800.3610885665821,"log_ltp":-2406.5480794440818,"n_parameters":10}}]}
