{"resources":[{"name":"values","data":{"pr_S1":0.20457783273939956,"i":0.053098734753674937,"phase":-0.046114995878266202,"R0":2.0450845528899824,"pr_S":0.32704729479373934,"rep_ndss":0.093606150904411989,"pr_I1":4.1446995330401988,"pr_S2":0.1124416860426489,"beta1":0.58440098485592573,"pr_I2":5.0822017414260188},"description":"initial values for the parameters"},{"name":"covariance","data":{"pr_I1":{"pr_I1":1.0181523311793594,"pr_I2":0.0064189927728622326,"phase":0.0012929752030571664,"pr_S":-0.0033498726239538342,"R0":0.0059304442055733587,"pr_S1":-0.040047789141687211,"pr_S2":-0.080613212083815042,"beta1":-0.0062946254576087077,"i":-0.18153200057416863,"rep_ndss":-0.010546600749501797},"pr_I2":{"pr_I1":0.0064189927728622326,"pr_I2":0.0074857753065632141,"phase":4.8215066080834318e-5,"pr_S":-0.00024888038039915493,"R0":0.00012475272934451447,"pr_S1":-0.0018733896714681409,"pr_S2":-0.0071203213653631163,"beta1":-0.001358227003414541,"i":0.00027430090980460654,"rep_ndss":-0.00039120983695530021},"phase":{"pr_I1":0.0012929752030571664,"pr_I2":4.8215066080834318e-5,"phase":9.2081775905295649e-5,"pr_S":-0.00016501786218397981,"R0":1.4795500648961995e-5,"pr_S1":1.3733468028654634e-5,"pr_S2":0.00056962072537378216,"beta1":-4.5966679147898835e-5,"i":-0.00039253924241822261,"rep_ndss":-4.1744283403291495e-5},"pr_S":{"pr_I1":-0.0033498726239538342,"pr_I2":-0.00024888038039915493,"phase":-0.00016501786218397981,"pr_S":0.025729925963888185,"R0":-0.0006065858872175622,"pr_S1":-0.022063050097022342,"pr_S2":-0.13309545107809334,"beta1":0.00046813473725725241,"i":-0.0088699696934435007,"rep_ndss":0.00060548778819521682},"R0":{"pr_I1":0.0059304442055733587,"pr_I2":0.00012475272934451447,"phase":1.4795500648961995e-5,"pr_S":-0.0006065858872175622,"R0":0.00016934633156849571,"pr_S1":-0.00037205508599365527,"pr_S2":-0.002200401882409068,"beta1":-4.7705870233932839e-5,"i":-0.00081317600672401618,"rep_ndss":-0.0001631562622266364},"pr_S1":{"pr_I1":-0.040047789141687211,"pr_I2":-0.0018733896714681409,"phase":1.3733468028654634e-5,"pr_S":-0.022063050097022342,"R0":-0.00037205508599365527,"pr_S1":0.025457214551762513,"pr_S2":0.1535485498549119,"beta1":0.000181471381816861,"i":0.018123856366207829,"rep_ndss":0.00053608234705803347},"pr_S2":{"pr_I1":-0.080613212083815042,"pr_I2":-0.0071203213653631163,"phase":0.00056962072537378216,"pr_S":-0.13309545107809334,"R0":-0.002200401882409068,"pr_S1":0.1535485498549119,"pr_S2":1.4115260281021995,"beta1":-0.0011314482520683915,"i":0.0040667603273575872,"rep_ndss":0.0017086068836837877},"beta1":{"pr_I1":-0.0062946254576087077,"pr_I2":-0.001358227003414541,"phase":-4.5966679147898835e-5,"pr_S":0.00046813473725725241,"R0":-4.7705870233932839e-5,"pr_S1":0.000181471381816861,"pr_S2":-0.0011314482520683915,"beta1":0.0012785119199324937,"i":-0.00071561033395298667,"rep_ndss":0.000448991413974393},"i":{"pr_I1":-0.18153200057416863,"pr_I2":0.00027430090980460654,"phase":-0.00039253924241822261,"pr_S":-0.0088699696934435007,"R0":-0.00081317600672401618,"pr_S1":0.018123856366207829,"pr_S2":0.0040667603273575872,"beta1":-0.00071561033395298667,"i":0.13088069724537041,"rep_ndss":0.0011113129966684059},"rep_ndss":{"pr_I1":-0.010546600749501797,"pr_I2":-0.00039120983695530021,"phase":-4.1744283403291495e-5,"pr_S":0.00060548778819521682,"R0":-0.0001631562622266364,"pr_S1":0.00053608234705803347,"pr_S2":0.0017086068836837877,"beta1":0.000448991413974393,"i":0.0011113129966684059,"rep_ndss":0.0007000158657957205}},"description":"covariance matrix"},{"name":"summary","data":{"id":1,"AIC":4803.466992674912,"log_likelihood":-2391.733496337456,"AICc":4803.7929186008378,"DIC":4800.7832970879645,"n_parameters":10,"log_ltp":-2406.2125037120909,"sum_squares":null,"n_data":686}}]}
