{
  "resources": [
    {
      "name": "values",
      "description": "initial values for the parameters",
      "data": {
        "rep_ndss": 0.09606263754623133,
        "pr_I1": 5.1464037136274268,
        "pr_S1": 0.21963203696893399,
        "R0": 2.0316779898585615,
        "pr_S": 0.31379493335909781,
        "beta1": 0.57445637666912364,
        "i": 0.049515650478991577,
        "phase": -0.042748836523957792,
        "pr_I2": 5.2681483364535113,
        "pr_S2": 0.13228640008162257
      }
    },
    {
      "name": "covariance",
      "description": "covariance matrix",
      "data": {
        "pr_S1": {
          "pr_S1": 0.042280959470972948,
          "R0": -0.00077969412799266447,
          "rep_ndss": 0.0021162634744815965,
          "pr_I1": -0.048630269197887453,
          "pr_I2": -0.0061174349421304107,
          "beta1": 0.001043502201315314,
          "pr_S": -0.042977253819633812,
          "pr_S2": 0.14268402384370907,
          "i": 0.070480264380869073,
          "phase": -0.00020818602208105876
        },
        "R0": {
          "pr_S1": -0.00077969412799266447,
          "R0": 0.00025554689164700942,
          "rep_ndss": -0.00032151109228091909,
          "pr_I1": 0.0080384252464675721,
          "pr_I2": 0.00034093452786174898,
          "beta1": -0.00011819352774298219,
          "pr_S": -0.00096805312975215062,
          "pr_S2": -0.00041215944081334768,
          "i": -0.0058868319939379809,
          "phase": 0.000018699069205445883
        },
        "rep_ndss": {
          "pr_S1": 0.0021162634744815965,
          "R0": -0.00032151109228091909,
          "rep_ndss": 0.00097426528498551878,
          "pr_I1": -0.01322303688596951,
          "pr_I2": -0.00096490895643050608,
          "beta1": 0.00059590015700886003,
          "pr_S": 0.00023477010326828341,
          "pr_S2": 0.0024488039673323226,
          "i": 0.010335054690880611,
          "phase": -0.000063548141052492679
        },
        "pr_I1": {
          "pr_S1": -0.048630269197887453,
          "R0": 0.0080384252464675721,
          "rep_ndss": -0.01322303688596951,
          "pr_I1": 0.57901186288064532,
          "pr_I2": 0.014107946857500385,
          "beta1": -0.0060350042381113241,
          "pr_S": -0.014147199190930089,
          "pr_S2": 0.0044045373492883491,
          "i": -0.32609377952396595,
          "phase": 0.00065667992102126811
        },
        "pr_I2": {
          "pr_S1": -0.0061174349421304107,
          "R0": 0.00034093452786174898,
          "rep_ndss": -0.00096490895643050608,
          "pr_I1": 0.014107946857500385,
          "pr_I2": 0.0081644232083065219,
          "beta1": -0.0016839196351222108,
          "pr_S": 0.0034713607098004265,
          "pr_S2": -0.011764771764155239,
          "i": -0.013708918081152273,
          "phase": 0.000037008717676236021
        },
        "beta1": {
          "pr_S1": 0.001043502201315314,
          "R0": -0.00011819352774298219,
          "rep_ndss": 0.00059590015700886003,
          "pr_I1": -0.0060350042381113241,
          "pr_I2": -0.0016839196351222108,
          "beta1": 0.001396670333820431,
          "pr_S": 0.00017869491464715887,
          "pr_S2": 0.0021112404295509485,
          "i": 0.0020680324174256817,
          "phase": -0.00006819817931296919
        },
        "pr_S": {
          "pr_S1": -0.042977253819633812,
          "R0": -0.00096805312975215062,
          "rep_ndss": 0.00023477010326828341,
          "pr_I1": -0.014147199190930089,
          "pr_I2": 0.0034713607098004265,
          "beta1": 0.00017869491464715887,
          "pr_S": 0.060860791315105876,
          "pr_S2": -0.1612143909293475,
          "i": -0.024398709032581914,
          "phase": 0.000037443016053702157
        },
        "pr_S2": {
          "pr_S1": 0.14268402384370907,
          "R0": -0.00041215944081334768,
          "rep_ndss": 0.0024488039673323226,
          "pr_I1": 0.0044045373492883491,
          "pr_I2": -0.011764771764155239,
          "beta1": 0.0021112404295509485,
          "pr_S": -0.1612143909293475,
          "pr_S2": 0.68280777630001488,
          "i": 0.065261428428145613,
          "phase": -0.00028257756474169259
        },
        "i": {
          "pr_S1": 0.070480264380869073,
          "R0": -0.0058868319939379809,
          "rep_ndss": 0.010335054690880611,
          "pr_I1": -0.32609377952396595,
          "pr_I2": -0.013708918081152273,
          "beta1": 0.0020680324174256817,
          "pr_S": -0.024398709032581914,
          "pr_S2": 0.065261428428145613,
          "i": 0.44261187973421146,
          "phase": -0.001122879621582475
        },
        "phase": {
          "pr_S1": -0.00020818602208105876,
          "R0": 0.000018699069205445883,
          "rep_ndss": -0.000063548141052492679,
          "pr_I1": 0.00065667992102126811,
          "pr_I2": 0.000037008717676236021,
          "beta1": -0.00006819817931296919,
          "pr_S": 0.000037443016053702157,
          "pr_S2": -0.00028257756474169259,
          "i": -0.001122879621582475,
          "phase": 0.000094361416156711617
        }
      }
    },
    {
      "name": "summary",
      "data": {
        "id": 1,
        "AIC": 4804.266872650287,
        "log_ltp": -2406.8608447282259,
        "sum_squares": null,
        "AICc": 4804.5927985762128,
        "DIC": 4801.4690084758549,
        "log_likelihood": -2392.1334363251435,
        "n_parameters": 10,
        "n_data": 686
      }
    }
  ]
}