{"resources":[{"data":{"phase":-0.046428669790682241,"pr_S1":0.23148771113715458,"R0":1.4438785996859993,"pr_I2":0.40021541458220539,"pr_S":0.47733804172413463,"disp":0.79160901592787392,"beta1":0.57449315486112329,"pr_S2":0.27858450257026413,"i":0.015000674705667799,"rep_ndss":0.11762092166954401,"pr_I1":11.123076131465},"name":"values","description":"initial values for the parameters"},{"data":{"pr_I1":{"pr_I1":0.02576422657968553,"pr_I2":0.022567941032889203,"pr_S":0.0060845776521594522,"phase":0.00043093196505321812,"pr_S1":-0.0015703809171712471,"pr_S2":-0.0075865988244297944,"i":-0.010341041997400102,"R0":-0.001187136611656131,"disp":0.0035310912376607159,"beta1":-0.0015575534875913214,"rep_ndss":0.0029007062620187876},"pr_I2":{"pr_I1":0.022567941032889203,"pr_I2":0.45185518066764152,"pr_S":0.0044942503390247588,"phase":0.0022406751762644255,"pr_S1":-0.006175064137298388,"pr_S2":-0.017289717918721137,"i":-0.29365507075162028,"R0":-0.00050733616791675618,"disp":-0.090032315635812599,"beta1":-0.002270992893757472,"rep_ndss":0.0062173617280617518},"pr_S":{"pr_I1":0.0060845776521594522,"pr_I2":0.0044942503390247588,"pr_S":0.029893652616137342,"phase":0.00027150570438788267,"pr_S1":-0.046294095319698692,"pr_S2":-0.045806810042965919,"i":-0.0001096826672746183,"R0":-0.00051096579531913352,"disp":-0.0047424058704079721,"beta1":-0.00020233052425051924,"rep_ndss":0.00098916518353960904},"phase":{"pr_I1":0.00043093196505321812,"pr_I2":0.0022406751762644255,"pr_S":0.00027150570438788267,"phase":0.0002035431173084201,"pr_S1":-0.00035334934886517534,"pr_S2":-0.00042003719354157416,"i":-0.0018902664382122614,"R0":-1.99357697421029e-5,"disp":-0.0006331102721229703,"beta1":-8.3653177249613404e-5,"rep_ndss":7.6212673725652451e-5},"pr_S1":{"pr_I1":-0.0015703809171712471,"pr_I2":-0.006175064137298388,"pr_S":-0.046294095319698692,"phase":-0.00035334934886517534,"pr_S1":0.07745352159839837,"pr_S2":0.072761170956251897,"i":-0.0024200870609029815,"R0":8.5890358454569662e-5,"disp":0.01105813986689411,"beta1":0.00090112186780072143,"rep_ndss":0.00046340464085051794},"pr_S2":{"pr_I1":-0.0075865988244297944,"pr_I2":-0.017289717918721137,"pr_S":-0.045806810042965919,"phase":-0.00042003719354157416,"pr_S1":0.072761170956251897,"pr_S2":0.071923515890887829,"i":0.011798894055602109,"R0":0.00055633728775601049,"disp":0.007753287118417493,"beta1":0.00087293877947095043,"rep_ndss":-0.00063004166355921725},"i":{"pr_I1":-0.010341041997400102,"pr_I2":-0.29365507075162028,"pr_S":-0.0001096826672746183,"phase":-0.0018902664382122614,"pr_S1":-0.0024200870609029815,"pr_S2":0.011798894055602109,"i":0.4265402525507046,"R0":0.00020387659528450436,"disp":0.075415034672790426,"beta1":-0.0016096725337875076,"rep_ndss":-0.0074204040448704314},"R0":{"pr_I1":-0.001187136611656131,"pr_I2":-0.00050733616791675618,"pr_S":-0.00051096579531913352,"phase":-1.99357697421029e-5,"pr_S1":8.5890358454569662e-5,"pr_S2":0.00055633728775601049,"i":0.00020387659528450436,"R0":0.00010525194475140861,"disp":-0.00052984266967443091,"beta1":-8.1938836642451966e-7,"rep_ndss":-0.00024502806535147277},"disp":{"pr_I1":0.0035310912376607159,"pr_I2":-0.090032315635812599,"pr_S":-0.0047424058704079721,"phase":-0.0006331102721229703,"pr_S1":0.01105813986689411,"pr_S2":0.007753287118417493,"i":0.075415034672790426,"R0":-0.00052984266967443091,"disp":0.46792695973349679,"beta1":-0.0067609159926562239,"rep_ndss":-0.021392400563765682},"beta1":{"pr_I1":-0.0015575534875913214,"pr_I2":-0.002270992893757472,"pr_S":-0.00020233052425051924,"phase":-8.3653177249613404e-5,"pr_S1":0.00090112186780072143,"pr_S2":0.00087293877947095043,"i":-0.0016096725337875076,"R0":-8.1938836642451966e-7,"disp":-0.0067609159926562239,"beta1":0.0022261238738439473,"rep_ndss":0.0014733722069749068},"rep_ndss":{"pr_I1":0.0029007062620187876,"pr_I2":0.0062173617280617518,"pr_S":0.00098916518353960904,"phase":7.6212673725652451e-5,"pr_S1":0.00046340464085051794,"pr_S2":-0.00063004166355921725,"i":-0.0074204040448704314,"R0":-0.00024502806535147277,"disp":-0.021392400563765682,"beta1":0.0014733722069749068,"rep_ndss":0.003268017782526634}},"name":"covariance","description":"covariance matrix"},{"data":{"log_ltp":-2248.5822061314093,"id":1,"AIC":4496.3534236263249,"n_data":704,"AICc":4496.7349265164985,"DIC":4490.9330751579973,"sum_squares":null,"log_likelihood":-2237.1767118131625,"n_parameters":11},"name":"summary"}]}
