{"resources":[{"name":"values","data":{"phase":-0.047373631372630308,"R0":1.893011855263427,"pr_S2":0.12765039927879721,"beta1":0.56736231973832196,"i":0.0065451654976666938,"pr_I1":12.41897151831361,"pr_I2":1.0578296722102227,"pr_S":0.49691578122568014,"disp":0.75853051555859241,"psi":0.5537433394278245,"rep_ndss":0.090075062846466006,"pr_S1":0.07839666332010195},"description":"initial values for the parameters"},{"name":"covariance","data":{"pr_S1":{"pr_S1":0.23026797320208839,"pr_I1":0.0040083910265873192,"pr_I2":0.003183982850726253,"pr_S":-0.067860119902449084,"pr_S2":0.20585996751042668,"phase":-0.00055905747702360005,"R0":-0.0035197034856267865,"beta1":0.0033114286835263245,"i":0.007244412659367907,"disp":-0.012718796264050548,"psi":-0.019541306632682366,"rep_ndss":-0.0019263316685609265},"pr_I1":{"pr_S1":0.0040083910265873192,"pr_I1":0.013795686898362941,"pr_I2":0.026902939094897781,"pr_S":-0.00055887505709822656,"pr_S2":0.0012512261202570504,"phase":0.00017817060150817664,"R0":0.0006570300152323428,"beta1":-0.0018588415688285116,"i":-0.0025917384452428141,"disp":0.0042476574538916137,"psi":-0.022841047738687437,"rep_ndss":-0.00093360319272255653},"pr_I2":{"pr_S1":0.003183982850726253,"pr_I1":0.026902939094897781,"pr_I2":0.89397832361445984,"pr_S":-0.011197018364937535,"pr_S2":-0.0050322823989749771,"phase":0.0022127569087654021,"R0":0.0072536261390610032,"beta1":-0.0026834106992621254,"i":-0.52695813051203966,"disp":0.016913807444899176,"psi":-0.12210151970410674,"rep_ndss":-0.0037556294410513334},"pr_S":{"pr_S1":-0.067860119902449084,"pr_I1":-0.00055887505709822656,"pr_I2":-0.011197018364937535,"pr_S":0.027746058049368267,"pr_S2":-0.065026892720377524,"phase":0.00016714660776556177,"R0":-0.0012544205293642168,"beta1":0.00019909967073103072,"i":0.002288817179843446,"disp":0.0052532628020237086,"psi":0.017662705307561498,"rep_ndss":0.0032915110625566699},"pr_S2":{"pr_S1":0.20585996751042668,"pr_I1":0.0012512261202570504,"pr_I2":-0.0050322823989749771,"pr_S":-0.065026892720377524,"pr_S2":0.188846913491313,"phase":-0.00051413983120443465,"R0":-0.0019169198367592849,"beta1":0.0025095853579635845,"i":0.021396520781848942,"disp":-0.011874218355937041,"psi":-0.02444061992039008,"rep_ndss":-0.0035571252140358342},"phase":{"pr_S1":-0.00055905747702360005,"pr_I1":0.00017817060150817664,"pr_I2":0.0022127569087654021,"pr_S":0.00016714660776556177,"pr_S2":-0.00051413983120443465,"phase":0.00018621712214380098,"R0":3.5603188723439102e-5,"beta1":-8.3381266725848161e-5,"i":-0.0010946580957817236,"disp":0.00015651906040552735,"psi":-0.00070175570051477139,"rep_ndss":-5.0666848551058377e-5},"R0":{"pr_S1":-0.0035197034856267865,"pr_I1":0.0006570300152323428,"pr_I2":0.0072536261390610032,"pr_S":-0.0012544205293642168,"pr_S2":-0.0019169198367592849,"phase":3.5603188723439102e-5,"R0":0.0010548645592601536,"beta1":-0.00019327131453904128,"i":-0.0015022255744423919,"disp":-0.0016261802235801135,"psi":-0.0098963281203111146,"rep_ndss":-0.00082999880712035718},"beta1":{"pr_S1":0.0033114286835263245,"pr_I1":-0.0018588415688285116,"pr_I2":-0.0026834106992621254,"pr_S":0.00019909967073103072,"pr_S2":0.0025095853579635845,"phase":-8.3381266725848161e-5,"R0":-0.00019327131453904128,"beta1":0.0022380704610065645,"i":-0.0020271294343394098,"disp":-0.0044971718182325801,"psi":-0.0019370814952230195,"rep_ndss":0.0014992945236893811},"i":{"pr_S1":0.007244412659367907,"pr_I1":-0.0025917384452428141,"pr_I2":-0.52695813051203966,"pr_S":0.002288817179843446,"pr_S2":0.021396520781848942,"phase":-0.0010946580957817236,"R0":-0.0015022255744423919,"beta1":-0.0020271294343394098,"i":0.88016048208197351,"disp":-0.0045722505779658773,"psi":-0.013123950786953298,"rep_ndss":-0.0051156787905861168},"disp":{"pr_S1":-0.012718796264050548,"pr_I1":0.0042476574538916137,"pr_I2":0.016913807444899176,"pr_S":0.0052532628020237086,"pr_S2":-0.011874218355937041,"phase":0.00015651906040552735,"R0":-0.0016261802235801135,"beta1":-0.0044971718182325801,"i":-0.0045722505779658773,"disp":0.13869205088054185,"psi":0.024940369214066636,"rep_ndss":-0.011125452498912886},"psi":{"pr_S1":-0.019541306632682366,"pr_I1":-0.022841047738687437,"pr_I2":-0.12210151970410674,"pr_S":0.017662705307561498,"pr_S2":-0.02444061992039008,"phase":-0.00070175570051477139,"R0":-0.0098963281203111146,"beta1":-0.0019370814952230195,"i":-0.013123950786953298,"disp":0.024940369214066636,"psi":0.18668654490322489,"rep_ndss":0.0060545141869557647},"rep_ndss":{"pr_S1":-0.0019263316685609265,"pr_I1":-0.00093360319272255653,"pr_I2":-0.0037556294410513334,"pr_S":0.0032915110625566699,"pr_S2":-0.0035571252140358342,"phase":-5.0666848551058377e-5,"R0":-0.00082999880712035718,"beta1":0.0014992945236893811,"i":-0.0051156787905861168,"disp":-0.011125452498912886,"psi":0.0060545141869557647,"rep_ndss":0.0033902806519256643}},"description":"covariance matrix"},{"name":"summary","data":{"id":1,"log_ltp":-2232.4022863803166,"n_data":704,"n_parameters":12,"AIC":4463.3826065448793,"AICc":4463.8341260817824,"DIC":4460.4307888559269,"log_likelihood":-2219.6913032724397,"sum_squares":null}}]}
